subject_id,trial_id,scenario_id,domain,frame,presentation_order,block_id,stimulus_file,stimulus_text
SUBJ_001,1,employment_rate,economic,loss,1,1,stimuli/employment_rate_loss.txt,An economic report states that a new policy still means 20 percent of workers in the region will lose their current jobs over the next year. Lawmakers are debating whether to adopt the policy.
SUBJ_001,2,asian_disease,health,loss,2,1,stimuli/asian_disease_loss.txt,"Imagine that the United States is preparing for the outbreak of an unusual Asian disease, which is expected to kill 600 people. Two alternative programs to combat the disease have been proposed. Program C will result in 400 people dying for certain. Program D has a one-third probability that nobody will die, and a two-thirds probability that all 600 people will die. Which program would you favor?"
SUBJ_001,3,lives_surgery,health,loss,3,2,stimuli/lives_surgery_loss.txt,"A patient is considering a surgical procedure. The surgeon explains that the operation has a 10 percent failure rate, meaning one out of ten patients do not survive the surgery. The patient must decide whether to proceed with the operation."
SUBJ_001,4,vaccine_side_effects,health,gain,4,2,stimuli/vaccine_side_effects_gain.txt,A public health clinic explains that a vaccine has been shown to have no serious side effects in 95 percent of recipients. A person is deciding whether to schedule the vaccination appointment.
SUBJ_001,5,money_wallet,financial,loss,5,3,stimuli/money_wallet_loss.txt,"You have been given $30 in cash. You must choose between two options. Option A means you will lose $10 for sure, leaving you with $20. Option B is a gamble with a fifty-fifty chance to lose nothing and keep $30, or lose $20 and keep only $10. Which option do you choose?"
SUBJ_001,6,exam_score,education,gain,6,3,stimuli/exam_score_gain.txt,A student receives exam results showing they answered 60 percent of the questions correctly. The student reviews the score to decide how to prepare for the next exam.
SUBJ_001,7,beef_content,consumer,gain,7,4,stimuli/beef_content_gain.txt,A grocery label describes ground beef as 75 percent lean meat. Shoppers are deciding whether the product seems healthy enough to buy for dinner tonight.
SUBJ_001,8,credit_card_fee,financial,loss,8,4,stimuli/credit_card_fee_loss.txt,A store advertises that customers who pay with a credit card will be charged a $1 surcharge compared to the lower cash price. You are deciding whether to pay with cash or card for an item priced at $19 by cash.
SUBJ_002,9,vaccine_side_effects,health,gain,1,1,stimuli/vaccine_side_effects_gain.txt,A public health clinic explains that a vaccine has been shown to have no serious side effects in 95 percent of recipients. A person is deciding whether to schedule the vaccination appointment.
SUBJ_002,10,lives_surgery,health,loss,2,1,stimuli/lives_surgery_loss.txt,"A patient is considering a surgical procedure. The surgeon explains that the operation has a 10 percent failure rate, meaning one out of ten patients do not survive the surgery. The patient must decide whether to proceed with the operation."
SUBJ_002,11,employment_rate,economic,gain,3,2,stimuli/employment_rate_gain.txt,An economic report states that a new policy will help ensure that 80 percent of workers in the region keep their current jobs over the next year. Lawmakers are debating whether to adopt the policy.
SUBJ_002,12,asian_disease,health,loss,4,2,stimuli/asian_disease_loss.txt,"Imagine that the United States is preparing for the outbreak of an unusual Asian disease, which is expected to kill 600 people. Two alternative programs to combat the disease have been proposed. Program C will result in 400 people dying for certain. Program D has a one-third probability that nobody will die, and a two-thirds probability that all 600 people will die. Which program would you favor?"
SUBJ_002,13,beef_content,consumer,loss,5,3,stimuli/beef_content_loss.txt,A grocery label describes ground beef as 25 percent fat. Shoppers are deciding whether the product seems healthy enough to buy for dinner tonight.
SUBJ_002,14,credit_card_fee,financial,loss,6,3,stimuli/credit_card_fee_loss.txt,A store advertises that customers who pay with a credit card will be charged a $1 surcharge compared to the lower cash price. You are deciding whether to pay with cash or card for an item priced at $19 by cash.
SUBJ_002,15,money_wallet,financial,gain,7,4,stimuli/money_wallet_gain.txt,You have been given $30 in cash. You must choose between two options. Option A lets you keep $20 for sure. Option B is a gamble with a fifty-fifty chance to keep all $30 or keep only $10. Which option do you choose?
SUBJ_002,16,exam_score,education,loss,8,4,stimuli/exam_score_loss.txt,A student receives exam results showing they answered 40 percent of the questions incorrectly. The student reviews the score to decide how to prepare for the next exam.
SUBJ_003,17,vaccine_side_effects,health,loss,1,1,stimuli/vaccine_side_effects_loss.txt,A public health clinic explains that a vaccine has been shown to cause mild side effects in 5 percent of recipients. A person is deciding whether to schedule the vaccination appointment.
SUBJ_003,18,exam_score,education,loss,2,1,stimuli/exam_score_loss.txt,A student receives exam results showing they answered 40 percent of the questions incorrectly. The student reviews the score to decide how to prepare for the next exam.
SUBJ_003,19,money_wallet,financial,gain,3,2,stimuli/money_wallet_gain.txt,You have been given $30 in cash. You must choose between two options. Option A lets you keep $20 for sure. Option B is a gamble with a fifty-fifty chance to keep all $30 or keep only $10. Which option do you choose?
SUBJ_003,20,employment_rate,economic,loss,4,2,stimuli/employment_rate_loss.txt,An economic report states that a new policy still means 20 percent of workers in the region will lose their current jobs over the next year. Lawmakers are debating whether to adopt the policy.
SUBJ_003,21,asian_disease,health,gain,5,3,stimuli/asian_disease_gain.txt,"Imagine that the United States is preparing for the outbreak of an unusual Asian disease, which is expected to kill 600 people. Two alternative programs to combat the disease have been proposed. Program A will save 200 people for certain. Program B has a one-third probability that all 600 people will be saved, and a two-thirds probability that no one will be saved. Which program would you favor?"
SUBJ_003,22,lives_surgery,health,loss,6,3,stimuli/lives_surgery_loss.txt,"A patient is considering a surgical procedure. The surgeon explains that the operation has a 10 percent failure rate, meaning one out of ten patients do not survive the surgery. The patient must decide whether to proceed with the operation."
SUBJ_003,23,credit_card_fee,financial,loss,7,4,stimuli/credit_card_fee_loss.txt,A store advertises that customers who pay with a credit card will be charged a $1 surcharge compared to the lower cash price. You are deciding whether to pay with cash or card for an item priced at $19 by cash.
SUBJ_003,24,beef_content,consumer,loss,8,4,stimuli/beef_content_loss.txt,A grocery label describes ground beef as 25 percent fat. Shoppers are deciding whether the product seems healthy enough to buy for dinner tonight.
SUBJ_004,25,employment_rate,economic,gain,1,1,stimuli/employment_rate_gain.txt,An economic report states that a new policy will help ensure that 80 percent of workers in the region keep their current jobs over the next year. Lawmakers are debating whether to adopt the policy.
SUBJ_004,26,beef_content,consumer,loss,2,1,stimuli/beef_content_loss.txt,A grocery label describes ground beef as 25 percent fat. Shoppers are deciding whether the product seems healthy enough to buy for dinner tonight.
SUBJ_004,27,credit_card_fee,financial,loss,3,2,stimuli/credit_card_fee_loss.txt,A store advertises that customers who pay with a credit card will be charged a $1 surcharge compared to the lower cash price. You are deciding whether to pay with cash or card for an item priced at $19 by cash.
SUBJ_004,28,lives_surgery,health,gain,4,2,stimuli/lives_surgery_gain.txt,"A patient is considering a surgical procedure. The surgeon explains that the operation has a 90 percent success rate, meaning nine out of ten patients recover fully after the surgery. The patient must decide whether to proceed with the operation."
SUBJ_004,29,asian_disease,health,gain,5,3,stimuli/asian_disease_gain.txt,"Imagine that the United States is preparing for the outbreak of an unusual Asian disease, which is expected to kill 600 people. Two alternative programs to combat the disease have been proposed. Program A will save 200 people for certain. Program B has a one-third probability that all 600 people will be saved, and a two-thirds probability that no one will be saved. Which program would you favor?"
SUBJ_004,30,money_wallet,financial,gain,6,3,stimuli/money_wallet_gain.txt,You have been given $30 in cash. You must choose between two options. Option A lets you keep $20 for sure. Option B is a gamble with a fifty-fifty chance to keep all $30 or keep only $10. Which option do you choose?
SUBJ_004,31,vaccine_side_effects,health,loss,7,4,stimuli/vaccine_side_effects_loss.txt,A public health clinic explains that a vaccine has been shown to cause mild side effects in 5 percent of recipients. A person is deciding whether to schedule the vaccination appointment.
SUBJ_004,32,exam_score,education,gain,8,4,stimuli/exam_score_gain.txt,A student receives exam results showing they answered 60 percent of the questions correctly. The student reviews the score to decide how to prepare for the next exam.
SUBJ_005,33,credit_card_fee,financial,gain,1,1,stimuli/credit_card_fee_gain.txt,A store advertises that customers who pay with cash will receive a $1 discount compared to the standard price charged to credit card users. You are deciding whether to pay with cash or card for an item priced at $20 by card.
SUBJ_005,34,asian_disease,health,loss,2,1,stimuli/asian_disease_loss.txt,"Imagine that the United States is preparing for the outbreak of an unusual Asian disease, which is expected to kill 600 people. Two alternative programs to combat the disease have been proposed. Program C will result in 400 people dying for certain. Program D has a one-third probability that nobody will die, and a two-thirds probability that all 600 people will die. Which program would you favor?"
SUBJ_005,35,money_wallet,financial,gain,3,2,stimuli/money_wallet_gain.txt,You have been given $30 in cash. You must choose between two options. Option A lets you keep $20 for sure. Option B is a gamble with a fifty-fifty chance to keep all $30 or keep only $10. Which option do you choose?
SUBJ_005,36,employment_rate,economic,gain,4,2,stimuli/employment_rate_gain.txt,An economic report states that a new policy will help ensure that 80 percent of workers in the region keep their current jobs over the next year. Lawmakers are debating whether to adopt the policy.
SUBJ_005,37,vaccine_side_effects,health,gain,5,3,stimuli/vaccine_side_effects_gain.txt,A public health clinic explains that a vaccine has been shown to have no serious side effects in 95 percent of recipients. A person is deciding whether to schedule the vaccination appointment.
SUBJ_005,38,beef_content,consumer,gain,6,3,stimuli/beef_content_gain.txt,A grocery label describes ground beef as 75 percent lean meat. Shoppers are deciding whether the product seems healthy enough to buy for dinner tonight.
SUBJ_005,39,exam_score,education,gain,7,4,stimuli/exam_score_gain.txt,A student receives exam results showing they answered 60 percent of the questions correctly. The student reviews the score to decide how to prepare for the next exam.
SUBJ_005,40,lives_surgery,health,loss,8,4,stimuli/lives_surgery_loss.txt,"A patient is considering a surgical procedure. The surgeon explains that the operation has a 10 percent failure rate, meaning one out of ten patients do not survive the surgery. The patient must decide whether to proceed with the operation."
SUBJ_006,41,credit_card_fee,financial,gain,1,1,stimuli/credit_card_fee_gain.txt,A store advertises that customers who pay with cash will receive a $1 discount compared to the standard price charged to credit card users. You are deciding whether to pay with cash or card for an item priced at $20 by card.
SUBJ_006,42,asian_disease,health,loss,2,1,stimuli/asian_disease_loss.txt,"Imagine that the United States is preparing for the outbreak of an unusual Asian disease, which is expected to kill 600 people. Two alternative programs to combat the disease have been proposed. Program C will result in 400 people dying for certain. Program D has a one-third probability that nobody will die, and a two-thirds probability that all 600 people will die. Which program would you favor?"
SUBJ_006,43,employment_rate,economic,gain,3,2,stimuli/employment_rate_gain.txt,An economic report states that a new policy will help ensure that 80 percent of workers in the region keep their current jobs over the next year. Lawmakers are debating whether to adopt the policy.
SUBJ_006,44,vaccine_side_effects,health,loss,4,2,stimuli/vaccine_side_effects_loss.txt,A public health clinic explains that a vaccine has been shown to cause mild side effects in 5 percent of recipients. A person is deciding whether to schedule the vaccination appointment.
SUBJ_006,45,exam_score,education,gain,5,3,stimuli/exam_score_gain.txt,A student receives exam results showing they answered 60 percent of the questions correctly. The student reviews the score to decide how to prepare for the next exam.
SUBJ_006,46,beef_content,consumer,gain,6,3,stimuli/beef_content_gain.txt,A grocery label describes ground beef as 75 percent lean meat. Shoppers are deciding whether the product seems healthy enough to buy for dinner tonight.
SUBJ_006,47,money_wallet,financial,loss,7,4,stimuli/money_wallet_loss.txt,"You have been given $30 in cash. You must choose between two options. Option A means you will lose $10 for sure, leaving you with $20. Option B is a gamble with a fifty-fifty chance to lose nothing and keep $30, or lose $20 and keep only $10. Which option do you choose?"
SUBJ_006,48,lives_surgery,health,gain,8,4,stimuli/lives_surgery_gain.txt,"A patient is considering a surgical procedure. The surgeon explains that the operation has a 90 percent success rate, meaning nine out of ten patients recover fully after the surgery. The patient must decide whether to proceed with the operation."
SUBJ_007,49,vaccine_side_effects,health,gain,1,1,stimuli/vaccine_side_effects_gain.txt,A public health clinic explains that a vaccine has been shown to have no serious side effects in 95 percent of recipients. A person is deciding whether to schedule the vaccination appointment.
SUBJ_007,50,employment_rate,economic,loss,2,1,stimuli/employment_rate_loss.txt,An economic report states that a new policy still means 20 percent of workers in the region will lose their current jobs over the next year. Lawmakers are debating whether to adopt the policy.
SUBJ_007,51,credit_card_fee,financial,gain,3,2,stimuli/credit_card_fee_gain.txt,A store advertises that customers who pay with cash will receive a $1 discount compared to the standard price charged to credit card users. You are deciding whether to pay with cash or card for an item priced at $20 by card.
SUBJ_007,52,exam_score,education,loss,4,2,stimuli/exam_score_loss.txt,A student receives exam results showing they answered 40 percent of the questions incorrectly. The student reviews the score to decide how to prepare for the next exam.
SUBJ_007,53,beef_content,consumer,gain,5,3,stimuli/beef_content_gain.txt,A grocery label describes ground beef as 75 percent lean meat. Shoppers are deciding whether the product seems healthy enough to buy for dinner tonight.
SUBJ_007,54,lives_surgery,health,loss,6,3,stimuli/lives_surgery_loss.txt,"A patient is considering a surgical procedure. The surgeon explains that the operation has a 10 percent failure rate, meaning one out of ten patients do not survive the surgery. The patient must decide whether to proceed with the operation."
SUBJ_007,55,asian_disease,health,gain,7,4,stimuli/asian_disease_gain.txt,"Imagine that the United States is preparing for the outbreak of an unusual Asian disease, which is expected to kill 600 people. Two alternative programs to combat the disease have been proposed. Program A will save 200 people for certain. Program B has a one-third probability that all 600 people will be saved, and a two-thirds probability that no one will be saved. Which program would you favor?"
SUBJ_007,56,money_wallet,financial,loss,8,4,stimuli/money_wallet_loss.txt,"You have been given $30 in cash. You must choose between two options. Option A means you will lose $10 for sure, leaving you with $20. Option B is a gamble with a fifty-fifty chance to lose nothing and keep $30, or lose $20 and keep only $10. Which option do you choose?"
SUBJ_008,57,employment_rate,economic,gain,1,1,stimuli/employment_rate_gain.txt,An economic report states that a new policy will help ensure that 80 percent of workers in the region keep their current jobs over the next year. Lawmakers are debating whether to adopt the policy.
SUBJ_008,58,money_wallet,financial,gain,2,1,stimuli/money_wallet_gain.txt,You have been given $30 in cash. You must choose between two options. Option A lets you keep $20 for sure. Option B is a gamble with a fifty-fifty chance to keep all $30 or keep only $10. Which option do you choose?
SUBJ_008,59,vaccine_side_effects,health,gain,3,2,stimuli/vaccine_side_effects_gain.txt,A public health clinic explains that a vaccine has been shown to have no serious side effects in 95 percent of recipients. A person is deciding whether to schedule the vaccination appointment.
SUBJ_008,60,asian_disease,health,gain,4,2,stimuli/asian_disease_gain.txt,"Imagine that the United States is preparing for the outbreak of an unusual Asian disease, which is expected to kill 600 people. Two alternative programs to combat the disease have been proposed. Program A will save 200 people for certain. Program B has a one-third probability that all 600 people will be saved, and a two-thirds probability that no one will be saved. Which program would you favor?"
SUBJ_008,61,credit_card_fee,financial,loss,5,3,stimuli/credit_card_fee_loss.txt,A store advertises that customers who pay with a credit card will be charged a $1 surcharge compared to the lower cash price. You are deciding whether to pay with cash or card for an item priced at $19 by cash.
SUBJ_008,62,exam_score,education,loss,6,3,stimuli/exam_score_loss.txt,A student receives exam results showing they answered 40 percent of the questions incorrectly. The student reviews the score to decide how to prepare for the next exam.
SUBJ_008,63,beef_content,consumer,loss,7,4,stimuli/beef_content_loss.txt,A grocery label describes ground beef as 25 percent fat. Shoppers are deciding whether the product seems healthy enough to buy for dinner tonight.
SUBJ_008,64,lives_surgery,health,loss,8,4,stimuli/lives_surgery_loss.txt,"A patient is considering a surgical procedure. The surgeon explains that the operation has a 10 percent failure rate, meaning one out of ten patients do not survive the surgery. The patient must decide whether to proceed with the operation."
SUBJ_009,65,vaccine_side_effects,health,gain,1,1,stimuli/vaccine_side_effects_gain.txt,A public health clinic explains that a vaccine has been shown to have no serious side effects in 95 percent of recipients. A person is deciding whether to schedule the vaccination appointment.
SUBJ_009,66,exam_score,education,gain,2,1,stimuli/exam_score_gain.txt,A student receives exam results showing they answered 60 percent of the questions correctly. The student reviews the score to decide how to prepare for the next exam.
SUBJ_009,67,beef_content,consumer,loss,3,2,stimuli/beef_content_loss.txt,A grocery label describes ground beef as 25 percent fat. Shoppers are deciding whether the product seems healthy enough to buy for dinner tonight.
SUBJ_009,68,employment_rate,economic,gain,4,2,stimuli/employment_rate_gain.txt,An economic report states that a new policy will help ensure that 80 percent of workers in the region keep their current jobs over the next year. Lawmakers are debating whether to adopt the policy.
SUBJ_009,69,credit_card_fee,financial,loss,5,3,stimuli/credit_card_fee_loss.txt,A store advertises that customers who pay with a credit card will be charged a $1 surcharge compared to the lower cash price. You are deciding whether to pay with cash or card for an item priced at $19 by cash.
SUBJ_009,70,money_wallet,financial,loss,6,3,stimuli/money_wallet_loss.txt,"You have been given $30 in cash. You must choose between two options. Option A means you will lose $10 for sure, leaving you with $20. Option B is a gamble with a fifty-fifty chance to lose nothing and keep $30, or lose $20 and keep only $10. Which option do you choose?"
SUBJ_009,71,lives_surgery,health,gain,7,4,stimuli/lives_surgery_gain.txt,"A patient is considering a surgical procedure. The surgeon explains that the operation has a 90 percent success rate, meaning nine out of ten patients recover fully after the surgery. The patient must decide whether to proceed with the operation."
SUBJ_009,72,asian_disease,health,loss,8,4,stimuli/asian_disease_loss.txt,"Imagine that the United States is preparing for the outbreak of an unusual Asian disease, which is expected to kill 600 people. Two alternative programs to combat the disease have been proposed. Program C will result in 400 people dying for certain. Program D has a one-third probability that nobody will die, and a two-thirds probability that all 600 people will die. Which program would you favor?"
SUBJ_010,73,credit_card_fee,financial,loss,1,1,stimuli/credit_card_fee_loss.txt,A store advertises that customers who pay with a credit card will be charged a $1 surcharge compared to the lower cash price. You are deciding whether to pay with cash or card for an item priced at $19 by cash.
SUBJ_010,74,lives_surgery,health,loss,2,1,stimuli/lives_surgery_loss.txt,"A patient is considering a surgical procedure. The surgeon explains that the operation has a 10 percent failure rate, meaning one out of ten patients do not survive the surgery. The patient must decide whether to proceed with the operation."
SUBJ_010,75,employment_rate,economic,gain,3,2,stimuli/employment_rate_gain.txt,An economic report states that a new policy will help ensure that 80 percent of workers in the region keep their current jobs over the next year. Lawmakers are debating whether to adopt the policy.
SUBJ_010,76,asian_disease,health,gain,4,2,stimuli/asian_disease_gain.txt,"Imagine that the United States is preparing for the outbreak of an unusual Asian disease, which is expected to kill 600 people. Two alternative programs to combat the disease have been proposed. Program A will save 200 people for certain. Program B has a one-third probability that all 600 people will be saved, and a two-thirds probability that no one will be saved. Which program would you favor?"
SUBJ_010,77,beef_content,consumer,gain,5,3,stimuli/beef_content_gain.txt,A grocery label describes ground beef as 75 percent lean meat. Shoppers are deciding whether the product seems healthy enough to buy for dinner tonight.
SUBJ_010,78,exam_score,education,loss,6,3,stimuli/exam_score_loss.txt,A student receives exam results showing they answered 40 percent of the questions incorrectly. The student reviews the score to decide how to prepare for the next exam.
SUBJ_010,79,vaccine_side_effects,health,loss,7,4,stimuli/vaccine_side_effects_loss.txt,A public health clinic explains that a vaccine has been shown to cause mild side effects in 5 percent of recipients. A person is deciding whether to schedule the vaccination appointment.
SUBJ_010,80,money_wallet,financial,loss,8,4,stimuli/money_wallet_loss.txt,"You have been given $30 in cash. You must choose between two options. Option A means you will lose $10 for sure, leaving you with $20. Option B is a gamble with a fifty-fifty chance to lose nothing and keep $30, or lose $20 and keep only $10. Which option do you choose?"
SUBJ_011,81,exam_score,education,loss,1,1,stimuli/exam_score_loss.txt,A student receives exam results showing they answered 40 percent of the questions incorrectly. The student reviews the score to decide how to prepare for the next exam.
SUBJ_011,82,lives_surgery,health,loss,2,1,stimuli/lives_surgery_loss.txt,"A patient is considering a surgical procedure. The surgeon explains that the operation has a 10 percent failure rate, meaning one out of ten patients do not survive the surgery. The patient must decide whether to proceed with the operation."
SUBJ_011,83,asian_disease,health,loss,3,2,stimuli/asian_disease_loss.txt,"Imagine that the United States is preparing for the outbreak of an unusual Asian disease, which is expected to kill 600 people. Two alternative programs to combat the disease have been proposed. Program C will result in 400 people dying for certain. Program D has a one-third probability that nobody will die, and a two-thirds probability that all 600 people will die. Which program would you favor?"
SUBJ_011,84,credit_card_fee,financial,gain,4,2,stimuli/credit_card_fee_gain.txt,A store advertises that customers who pay with cash will receive a $1 discount compared to the standard price charged to credit card users. You are deciding whether to pay with cash or card for an item priced at $20 by card.
SUBJ_011,85,beef_content,consumer,loss,5,3,stimuli/beef_content_loss.txt,A grocery label describes ground beef as 25 percent fat. Shoppers are deciding whether the product seems healthy enough to buy for dinner tonight.
SUBJ_011,86,money_wallet,financial,loss,6,3,stimuli/money_wallet_loss.txt,"You have been given $30 in cash. You must choose between two options. Option A means you will lose $10 for sure, leaving you with $20. Option B is a gamble with a fifty-fifty chance to lose nothing and keep $30, or lose $20 and keep only $10. Which option do you choose?"
SUBJ_011,87,vaccine_side_effects,health,gain,7,4,stimuli/vaccine_side_effects_gain.txt,A public health clinic explains that a vaccine has been shown to have no serious side effects in 95 percent of recipients. A person is deciding whether to schedule the vaccination appointment.
SUBJ_011,88,employment_rate,economic,gain,8,4,stimuli/employment_rate_gain.txt,An economic report states that a new policy will help ensure that 80 percent of workers in the region keep their current jobs over the next year. Lawmakers are debating whether to adopt the policy.
SUBJ_012,89,lives_surgery,health,gain,1,1,stimuli/lives_surgery_gain.txt,"A patient is considering a surgical procedure. The surgeon explains that the operation has a 90 percent success rate, meaning nine out of ten patients recover fully after the surgery. The patient must decide whether to proceed with the operation."
SUBJ_012,90,beef_content,consumer,loss,2,1,stimuli/beef_content_loss.txt,A grocery label describes ground beef as 25 percent fat. Shoppers are deciding whether the product seems healthy enough to buy for dinner tonight.
SUBJ_012,91,credit_card_fee,financial,loss,3,2,stimuli/credit_card_fee_loss.txt,A store advertises that customers who pay with a credit card will be charged a $1 surcharge compared to the lower cash price. You are deciding whether to pay with cash or card for an item priced at $19 by cash.
SUBJ_012,92,asian_disease,health,loss,4,2,stimuli/asian_disease_loss.txt,"Imagine that the United States is preparing for the outbreak of an unusual Asian disease, which is expected to kill 600 people. Two alternative programs to combat the disease have been proposed. Program C will result in 400 people dying for certain. Program D has a one-third probability that nobody will die, and a two-thirds probability that all 600 people will die. Which program would you favor?"
SUBJ_012,93,exam_score,education,loss,5,3,stimuli/exam_score_loss.txt,A student receives exam results showing they answered 40 percent of the questions incorrectly. The student reviews the score to decide how to prepare for the next exam.
SUBJ_012,94,vaccine_side_effects,health,loss,6,3,stimuli/vaccine_side_effects_loss.txt,A public health clinic explains that a vaccine has been shown to cause mild side effects in 5 percent of recipients. A person is deciding whether to schedule the vaccination appointment.
SUBJ_012,95,money_wallet,financial,gain,7,4,stimuli/money_wallet_gain.txt,You have been given $30 in cash. You must choose between two options. Option A lets you keep $20 for sure. Option B is a gamble with a fifty-fifty chance to keep all $30 or keep only $10. Which option do you choose?
SUBJ_012,96,employment_rate,economic,loss,8,4,stimuli/employment_rate_loss.txt,An economic report states that a new policy still means 20 percent of workers in the region will lose their current jobs over the next year. Lawmakers are debating whether to adopt the policy.
SUBJ_013,97,money_wallet,financial,loss,1,1,stimuli/money_wallet_loss.txt,"You have been given $30 in cash. You must choose between two options. Option A means you will lose $10 for sure, leaving you with $20. Option B is a gamble with a fifty-fifty chance to lose nothing and keep $30, or lose $20 and keep only $10. Which option do you choose?"
SUBJ_013,98,asian_disease,health,loss,2,1,stimuli/asian_disease_loss.txt,"Imagine that the United States is preparing for the outbreak of an unusual Asian disease, which is expected to kill 600 people. Two alternative programs to combat the disease have been proposed. Program C will result in 400 people dying for certain. Program D has a one-third probability that nobody will die, and a two-thirds probability that all 600 people will die. Which program would you favor?"
SUBJ_013,99,beef_content,consumer,gain,3,2,stimuli/beef_content_gain.txt,A grocery label describes ground beef as 75 percent lean meat. Shoppers are deciding whether the product seems healthy enough to buy for dinner tonight.
SUBJ_013,100,vaccine_side_effects,health,loss,4,2,stimuli/vaccine_side_effects_loss.txt,A public health clinic explains that a vaccine has been shown to cause mild side effects in 5 percent of recipients. A person is deciding whether to schedule the vaccination appointment.
SUBJ_013,101,employment_rate,economic,loss,5,3,stimuli/employment_rate_loss.txt,An economic report states that a new policy still means 20 percent of workers in the region will lose their current jobs over the next year. Lawmakers are debating whether to adopt the policy.
SUBJ_013,102,credit_card_fee,financial,gain,6,3,stimuli/credit_card_fee_gain.txt,A store advertises that customers who pay with cash will receive a $1 discount compared to the standard price charged to credit card users. You are deciding whether to pay with cash or card for an item priced at $20 by card.
SUBJ_013,103,exam_score,education,loss,7,4,stimuli/exam_score_loss.txt,A student receives exam results showing they answered 40 percent of the questions incorrectly. The student reviews the score to decide how to prepare for the next exam.
SUBJ_013,104,lives_surgery,health,gain,8,4,stimuli/lives_surgery_gain.txt,"A patient is considering a surgical procedure. The surgeon explains that the operation has a 90 percent success rate, meaning nine out of ten patients recover fully after the surgery. The patient must decide whether to proceed with the operation."
SUBJ_014,105,lives_surgery,health,loss,1,1,stimuli/lives_surgery_loss.txt,"A patient is considering a surgical procedure. The surgeon explains that the operation has a 10 percent failure rate, meaning one out of ten patients do not survive the surgery. The patient must decide whether to proceed with the operation."
SUBJ_014,106,exam_score,education,gain,2,1,stimuli/exam_score_gain.txt,A student receives exam results showing they answered 60 percent of the questions correctly. The student reviews the score to decide how to prepare for the next exam.
SUBJ_014,107,employment_rate,economic,gain,3,2,stimuli/employment_rate_gain.txt,An economic report states that a new policy will help ensure that 80 percent of workers in the region keep their current jobs over the next year. Lawmakers are debating whether to adopt the policy.
SUBJ_014,108,beef_content,consumer,gain,4,2,stimuli/beef_content_gain.txt,A grocery label describes ground beef as 75 percent lean meat. Shoppers are deciding whether the product seems healthy enough to buy for dinner tonight.
SUBJ_014,109,money_wallet,financial,loss,5,3,stimuli/money_wallet_loss.txt,"You have been given $30 in cash. You must choose between two options. Option A means you will lose $10 for sure, leaving you with $20. Option B is a gamble with a fifty-fifty chance to lose nothing and keep $30, or lose $20 and keep only $10. Which option do you choose?"
SUBJ_014,110,vaccine_side_effects,health,loss,6,3,stimuli/vaccine_side_effects_loss.txt,A public health clinic explains that a vaccine has been shown to cause mild side effects in 5 percent of recipients. A person is deciding whether to schedule the vaccination appointment.
SUBJ_014,111,credit_card_fee,financial,loss,7,4,stimuli/credit_card_fee_loss.txt,A store advertises that customers who pay with a credit card will be charged a $1 surcharge compared to the lower cash price. You are deciding whether to pay with cash or card for an item priced at $19 by cash.
SUBJ_014,112,asian_disease,health,loss,8,4,stimuli/asian_disease_loss.txt,"Imagine that the United States is preparing for the outbreak of an unusual Asian disease, which is expected to kill 600 people. Two alternative programs to combat the disease have been proposed. Program C will result in 400 people dying for certain. Program D has a one-third probability that nobody will die, and a two-thirds probability that all 600 people will die. Which program would you favor?"
SUBJ_015,113,exam_score,education,gain,1,1,stimuli/exam_score_gain.txt,A student receives exam results showing they answered 60 percent of the questions correctly. The student reviews the score to decide how to prepare for the next exam.
SUBJ_015,114,employment_rate,economic,loss,2,1,stimuli/employment_rate_loss.txt,An economic report states that a new policy still means 20 percent of workers in the region will lose their current jobs over the next year. Lawmakers are debating whether to adopt the policy.
SUBJ_015,115,money_wallet,financial,gain,3,2,stimuli/money_wallet_gain.txt,You have been given $30 in cash. You must choose between two options. Option A lets you keep $20 for sure. Option B is a gamble with a fifty-fifty chance to keep all $30 or keep only $10. Which option do you choose?
SUBJ_015,116,beef_content,consumer,gain,4,2,stimuli/beef_content_gain.txt,A grocery label describes ground beef as 75 percent lean meat. Shoppers are deciding whether the product seems healthy enough to buy for dinner tonight.
SUBJ_015,117,lives_surgery,health,gain,5,3,stimuli/lives_surgery_gain.txt,"A patient is considering a surgical procedure. The surgeon explains that the operation has a 90 percent success rate, meaning nine out of ten patients recover fully after the surgery. The patient must decide whether to proceed with the operation."
SUBJ_015,118,asian_disease,health,gain,6,3,stimuli/asian_disease_gain.txt,"Imagine that the United States is preparing for the outbreak of an unusual Asian disease, which is expected to kill 600 people. Two alternative programs to combat the disease have been proposed. Program A will save 200 people for certain. Program B has a one-third probability that all 600 people will be saved, and a two-thirds probability that no one will be saved. Which program would you favor?"
SUBJ_015,119,credit_card_fee,financial,loss,7,4,stimuli/credit_card_fee_loss.txt,A store advertises that customers who pay with a credit card will be charged a $1 surcharge compared to the lower cash price. You are deciding whether to pay with cash or card for an item priced at $19 by cash.
SUBJ_015,120,vaccine_side_effects,health,loss,8,4,stimuli/vaccine_side_effects_loss.txt,A public health clinic explains that a vaccine has been shown to cause mild side effects in 5 percent of recipients. A person is deciding whether to schedule the vaccination appointment.
SUBJ_016,121,employment_rate,economic,gain,1,1,stimuli/employment_rate_gain.txt,An economic report states that a new policy will help ensure that 80 percent of workers in the region keep their current jobs over the next year. Lawmakers are debating whether to adopt the policy.
SUBJ_016,122,credit_card_fee,financial,gain,2,1,stimuli/credit_card_fee_gain.txt,A store advertises that customers who pay with cash will receive a $1 discount compared to the standard price charged to credit card users. You are deciding whether to pay with cash or card for an item priced at $20 by card.
SUBJ_016,123,money_wallet,financial,gain,3,2,stimuli/money_wallet_gain.txt,You have been given $30 in cash. You must choose between two options. Option A lets you keep $20 for sure. Option B is a gamble with a fifty-fifty chance to keep all $30 or keep only $10. Which option do you choose?
SUBJ_016,124,beef_content,consumer,loss,4,2,stimuli/beef_content_loss.txt,A grocery label describes ground beef as 25 percent fat. Shoppers are deciding whether the product seems healthy enough to buy for dinner tonight.
SUBJ_016,125,asian_disease,health,gain,5,3,stimuli/asian_disease_gain.txt,"Imagine that the United States is preparing for the outbreak of an unusual Asian disease, which is expected to kill 600 people. Two alternative programs to combat the disease have been proposed. Program A will save 200 people for certain. Program B has a one-third probability that all 600 people will be saved, and a two-thirds probability that no one will be saved. Which program would you favor?"
SUBJ_016,126,vaccine_side_effects,health,loss,6,3,stimuli/vaccine_side_effects_loss.txt,A public health clinic explains that a vaccine has been shown to cause mild side effects in 5 percent of recipients. A person is deciding whether to schedule the vaccination appointment.
SUBJ_016,127,lives_surgery,health,gain,7,4,stimuli/lives_surgery_gain.txt,"A patient is considering a surgical procedure. The surgeon explains that the operation has a 90 percent success rate, meaning nine out of ten patients recover fully after the surgery. The patient must decide whether to proceed with the operation."
SUBJ_016,128,exam_score,education,gain,8,4,stimuli/exam_score_gain.txt,A student receives exam results showing they answered 60 percent of the questions correctly. The student reviews the score to decide how to prepare for the next exam.
SUBJ_017,129,money_wallet,financial,gain,1,1,stimuli/money_wallet_gain.txt,You have been given $30 in cash. You must choose between two options. Option A lets you keep $20 for sure. Option B is a gamble with a fifty-fifty chance to keep all $30 or keep only $10. Which option do you choose?
SUBJ_017,130,exam_score,education,loss,2,1,stimuli/exam_score_loss.txt,A student receives exam results showing they answered 40 percent of the questions incorrectly. The student reviews the score to decide how to prepare for the next exam.
SUBJ_017,131,credit_card_fee,financial,gain,3,2,stimuli/credit_card_fee_gain.txt,A store advertises that customers who pay with cash will receive a $1 discount compared to the standard price charged to credit card users. You are deciding whether to pay with cash or card for an item priced at $20 by card.
SUBJ_017,132,beef_content,consumer,gain,4,2,stimuli/beef_content_gain.txt,A grocery label describes ground beef as 75 percent lean meat. Shoppers are deciding whether the product seems healthy enough to buy for dinner tonight.
SUBJ_017,133,vaccine_side_effects,health,loss,5,3,stimuli/vaccine_side_effects_loss.txt,A public health clinic explains that a vaccine has been shown to cause mild side effects in 5 percent of recipients. A person is deciding whether to schedule the vaccination appointment.
SUBJ_017,134,asian_disease,health,loss,6,3,stimuli/asian_disease_loss.txt,"Imagine that the United States is preparing for the outbreak of an unusual Asian disease, which is expected to kill 600 people. Two alternative programs to combat the disease have been proposed. Program C will result in 400 people dying for certain. Program D has a one-third probability that nobody will die, and a two-thirds probability that all 600 people will die. Which program would you favor?"
SUBJ_017,135,employment_rate,economic,loss,7,4,stimuli/employment_rate_loss.txt,An economic report states that a new policy still means 20 percent of workers in the region will lose their current jobs over the next year. Lawmakers are debating whether to adopt the policy.
SUBJ_017,136,lives_surgery,health,loss,8,4,stimuli/lives_surgery_loss.txt,"A patient is considering a surgical procedure. The surgeon explains that the operation has a 10 percent failure rate, meaning one out of ten patients do not survive the surgery. The patient must decide whether to proceed with the operation."
SUBJ_018,137,employment_rate,economic,gain,1,1,stimuli/employment_rate_gain.txt,An economic report states that a new policy will help ensure that 80 percent of workers in the region keep their current jobs over the next year. Lawmakers are debating whether to adopt the policy.
SUBJ_018,138,vaccine_side_effects,health,gain,2,1,stimuli/vaccine_side_effects_gain.txt,A public health clinic explains that a vaccine has been shown to have no serious side effects in 95 percent of recipients. A person is deciding whether to schedule the vaccination appointment.
SUBJ_018,139,beef_content,consumer,gain,3,2,stimuli/beef_content_gain.txt,A grocery label describes ground beef as 75 percent lean meat. Shoppers are deciding whether the product seems healthy enough to buy for dinner tonight.
SUBJ_018,140,credit_card_fee,financial,gain,4,2,stimuli/credit_card_fee_gain.txt,A store advertises that customers who pay with cash will receive a $1 discount compared to the standard price charged to credit card users. You are deciding whether to pay with cash or card for an item priced at $20 by card.
SUBJ_018,141,money_wallet,financial,gain,5,3,stimuli/money_wallet_gain.txt,You have been given $30 in cash. You must choose between two options. Option A lets you keep $20 for sure. Option B is a gamble with a fifty-fifty chance to keep all $30 or keep only $10. Which option do you choose?
SUBJ_018,142,lives_surgery,health,loss,6,3,stimuli/lives_surgery_loss.txt,"A patient is considering a surgical procedure. The surgeon explains that the operation has a 10 percent failure rate, meaning one out of ten patients do not survive the surgery. The patient must decide whether to proceed with the operation."
SUBJ_018,143,exam_score,education,loss,7,4,stimuli/exam_score_loss.txt,A student receives exam results showing they answered 40 percent of the questions incorrectly. The student reviews the score to decide how to prepare for the next exam.
SUBJ_018,144,asian_disease,health,loss,8,4,stimuli/asian_disease_loss.txt,"Imagine that the United States is preparing for the outbreak of an unusual Asian disease, which is expected to kill 600 people. Two alternative programs to combat the disease have been proposed. Program C will result in 400 people dying for certain. Program D has a one-third probability that nobody will die, and a two-thirds probability that all 600 people will die. Which program would you favor?"
SUBJ_019,145,credit_card_fee,financial,gain,1,1,stimuli/credit_card_fee_gain.txt,A store advertises that customers who pay with cash will receive a $1 discount compared to the standard price charged to credit card users. You are deciding whether to pay with cash or card for an item priced at $20 by card.
SUBJ_019,146,vaccine_side_effects,health,gain,2,1,stimuli/vaccine_side_effects_gain.txt,A public health clinic explains that a vaccine has been shown to have no serious side effects in 95 percent of recipients. A person is deciding whether to schedule the vaccination appointment.
SUBJ_019,147,exam_score,education,gain,3,2,stimuli/exam_score_gain.txt,A student receives exam results showing they answered 60 percent of the questions correctly. The student reviews the score to decide how to prepare for the next exam.
SUBJ_019,148,money_wallet,financial,loss,4,2,stimuli/money_wallet_loss.txt,"You have been given $30 in cash. You must choose between two options. Option A means you will lose $10 for sure, leaving you with $20. Option B is a gamble with a fifty-fifty chance to lose nothing and keep $30, or lose $20 and keep only $10. Which option do you choose?"
SUBJ_019,149,beef_content,consumer,loss,5,3,stimuli/beef_content_loss.txt,A grocery label describes ground beef as 25 percent fat. Shoppers are deciding whether the product seems healthy enough to buy for dinner tonight.
SUBJ_019,150,asian_disease,health,loss,6,3,stimuli/asian_disease_loss.txt,"Imagine that the United States is preparing for the outbreak of an unusual Asian disease, which is expected to kill 600 people. Two alternative programs to combat the disease have been proposed. Program C will result in 400 people dying for certain. Program D has a one-third probability that nobody will die, and a two-thirds probability that all 600 people will die. Which program would you favor?"
SUBJ_019,151,lives_surgery,health,gain,7,4,stimuli/lives_surgery_gain.txt,"A patient is considering a surgical procedure. The surgeon explains that the operation has a 90 percent success rate, meaning nine out of ten patients recover fully after the surgery. The patient must decide whether to proceed with the operation."
SUBJ_019,152,employment_rate,economic,loss,8,4,stimuli/employment_rate_loss.txt,An economic report states that a new policy still means 20 percent of workers in the region will lose their current jobs over the next year. Lawmakers are debating whether to adopt the policy.
SUBJ_020,153,lives_surgery,health,gain,1,1,stimuli/lives_surgery_gain.txt,"A patient is considering a surgical procedure. The surgeon explains that the operation has a 90 percent success rate, meaning nine out of ten patients recover fully after the surgery. The patient must decide whether to proceed with the operation."
SUBJ_020,154,credit_card_fee,financial,gain,2,1,stimuli/credit_card_fee_gain.txt,A store advertises that customers who pay with cash will receive a $1 discount compared to the standard price charged to credit card users. You are deciding whether to pay with cash or card for an item priced at $20 by card.
SUBJ_020,155,employment_rate,economic,loss,3,2,stimuli/employment_rate_loss.txt,An economic report states that a new policy still means 20 percent of workers in the region will lose their current jobs over the next year. Lawmakers are debating whether to adopt the policy.
SUBJ_020,156,asian_disease,health,gain,4,2,stimuli/asian_disease_gain.txt,"Imagine that the United States is preparing for the outbreak of an unusual Asian disease, which is expected to kill 600 people. Two alternative programs to combat the disease have been proposed. Program A will save 200 people for certain. Program B has a one-third probability that all 600 people will be saved, and a two-thirds probability that no one will be saved. Which program would you favor?"
SUBJ_020,157,vaccine_side_effects,health,loss,5,3,stimuli/vaccine_side_effects_loss.txt,A public health clinic explains that a vaccine has been shown to cause mild side effects in 5 percent of recipients. A person is deciding whether to schedule the vaccination appointment.
SUBJ_020,158,money_wallet,financial,loss,6,3,stimuli/money_wallet_loss.txt,"You have been given $30 in cash. You must choose between two options. Option A means you will lose $10 for sure, leaving you with $20. Option B is a gamble with a fifty-fifty chance to lose nothing and keep $30, or lose $20 and keep only $10. Which option do you choose?"
SUBJ_020,159,beef_content,consumer,loss,7,4,stimuli/beef_content_loss.txt,A grocery label describes ground beef as 25 percent fat. Shoppers are deciding whether the product seems healthy enough to buy for dinner tonight.
SUBJ_020,160,exam_score,education,loss,8,4,stimuli/exam_score_loss.txt,A student receives exam results showing they answered 40 percent of the questions incorrectly. The student reviews the score to decide how to prepare for the next exam.
SUBJ_021,161,beef_content,consumer,loss,1,1,stimuli/beef_content_loss.txt,A grocery label describes ground beef as 25 percent fat. Shoppers are deciding whether the product seems healthy enough to buy for dinner tonight.
SUBJ_021,162,money_wallet,financial,loss,2,1,stimuli/money_wallet_loss.txt,"You have been given $30 in cash. You must choose between two options. Option A means you will lose $10 for sure, leaving you with $20. Option B is a gamble with a fifty-fifty chance to lose nothing and keep $30, or lose $20 and keep only $10. Which option do you choose?"
SUBJ_021,163,credit_card_fee,financial,loss,3,2,stimuli/credit_card_fee_loss.txt,A store advertises that customers who pay with a credit card will be charged a $1 surcharge compared to the lower cash price. You are deciding whether to pay with cash or card for an item priced at $19 by cash.
SUBJ_021,164,lives_surgery,health,gain,4,2,stimuli/lives_surgery_gain.txt,"A patient is considering a surgical procedure. The surgeon explains that the operation has a 90 percent success rate, meaning nine out of ten patients recover fully after the surgery. The patient must decide whether to proceed with the operation."
SUBJ_021,165,employment_rate,economic,gain,5,3,stimuli/employment_rate_gain.txt,An economic report states that a new policy will help ensure that 80 percent of workers in the region keep their current jobs over the next year. Lawmakers are debating whether to adopt the policy.
SUBJ_021,166,asian_disease,health,loss,6,3,stimuli/asian_disease_loss.txt,"Imagine that the United States is preparing for the outbreak of an unusual Asian disease, which is expected to kill 600 people. Two alternative programs to combat the disease have been proposed. Program C will result in 400 people dying for certain. Program D has a one-third probability that nobody will die, and a two-thirds probability that all 600 people will die. Which program would you favor?"
SUBJ_021,167,vaccine_side_effects,health,loss,7,4,stimuli/vaccine_side_effects_loss.txt,A public health clinic explains that a vaccine has been shown to cause mild side effects in 5 percent of recipients. A person is deciding whether to schedule the vaccination appointment.
SUBJ_021,168,exam_score,education,gain,8,4,stimuli/exam_score_gain.txt,A student receives exam results showing they answered 60 percent of the questions correctly. The student reviews the score to decide how to prepare for the next exam.
SUBJ_022,169,credit_card_fee,financial,loss,1,1,stimuli/credit_card_fee_loss.txt,A store advertises that customers who pay with a credit card will be charged a $1 surcharge compared to the lower cash price. You are deciding whether to pay with cash or card for an item priced at $19 by cash.
SUBJ_022,170,beef_content,consumer,gain,2,1,stimuli/beef_content_gain.txt,A grocery label describes ground beef as 75 percent lean meat. Shoppers are deciding whether the product seems healthy enough to buy for dinner tonight.
SUBJ_022,171,lives_surgery,health,gain,3,2,stimuli/lives_surgery_gain.txt,"A patient is considering a surgical procedure. The surgeon explains that the operation has a 90 percent success rate, meaning nine out of ten patients recover fully after the surgery. The patient must decide whether to proceed with the operation."
SUBJ_022,172,exam_score,education,gain,4,2,stimuli/exam_score_gain.txt,A student receives exam results showing they answered 60 percent of the questions correctly. The student reviews the score to decide how to prepare for the next exam.
SUBJ_022,173,vaccine_side_effects,health,loss,5,3,stimuli/vaccine_side_effects_loss.txt,A public health clinic explains that a vaccine has been shown to cause mild side effects in 5 percent of recipients. A person is deciding whether to schedule the vaccination appointment.
SUBJ_022,174,money_wallet,financial,gain,6,3,stimuli/money_wallet_gain.txt,You have been given $30 in cash. You must choose between two options. Option A lets you keep $20 for sure. Option B is a gamble with a fifty-fifty chance to keep all $30 or keep only $10. Which option do you choose?
SUBJ_022,175,employment_rate,economic,gain,7,4,stimuli/employment_rate_gain.txt,An economic report states that a new policy will help ensure that 80 percent of workers in the region keep their current jobs over the next year. Lawmakers are debating whether to adopt the policy.
SUBJ_022,176,asian_disease,health,gain,8,4,stimuli/asian_disease_gain.txt,"Imagine that the United States is preparing for the outbreak of an unusual Asian disease, which is expected to kill 600 people. Two alternative programs to combat the disease have been proposed. Program A will save 200 people for certain. Program B has a one-third probability that all 600 people will be saved, and a two-thirds probability that no one will be saved. Which program would you favor?"
SUBJ_023,177,credit_card_fee,financial,loss,1,1,stimuli/credit_card_fee_loss.txt,A store advertises that customers who pay with a credit card will be charged a $1 surcharge compared to the lower cash price. You are deciding whether to pay with cash or card for an item priced at $19 by cash.
SUBJ_023,178,vaccine_side_effects,health,gain,2,1,stimuli/vaccine_side_effects_gain.txt,A public health clinic explains that a vaccine has been shown to have no serious side effects in 95 percent of recipients. A person is deciding whether to schedule the vaccination appointment.
SUBJ_023,179,asian_disease,health,gain,3,2,stimuli/asian_disease_gain.txt,"Imagine that the United States is preparing for the outbreak of an unusual Asian disease, which is expected to kill 600 people. Two alternative programs to combat the disease have been proposed. Program A will save 200 people for certain. Program B has a one-third probability that all 600 people will be saved, and a two-thirds probability that no one will be saved. Which program would you favor?"
SUBJ_023,180,exam_score,education,loss,4,2,stimuli/exam_score_loss.txt,A student receives exam results showing they answered 40 percent of the questions incorrectly. The student reviews the score to decide how to prepare for the next exam.
SUBJ_023,181,money_wallet,financial,gain,5,3,stimuli/money_wallet_gain.txt,You have been given $30 in cash. You must choose between two options. Option A lets you keep $20 for sure. Option B is a gamble with a fifty-fifty chance to keep all $30 or keep only $10. Which option do you choose?
SUBJ_023,182,beef_content,consumer,loss,6,3,stimuli/beef_content_loss.txt,A grocery label describes ground beef as 25 percent fat. Shoppers are deciding whether the product seems healthy enough to buy for dinner tonight.
SUBJ_023,183,lives_surgery,health,gain,7,4,stimuli/lives_surgery_gain.txt,"A patient is considering a surgical procedure. The surgeon explains that the operation has a 90 percent success rate, meaning nine out of ten patients recover fully after the surgery. The patient must decide whether to proceed with the operation."
SUBJ_023,184,employment_rate,economic,gain,8,4,stimuli/employment_rate_gain.txt,An economic report states that a new policy will help ensure that 80 percent of workers in the region keep their current jobs over the next year. Lawmakers are debating whether to adopt the policy.
SUBJ_024,185,credit_card_fee,financial,loss,1,1,stimuli/credit_card_fee_loss.txt,A store advertises that customers who pay with a credit card will be charged a $1 surcharge compared to the lower cash price. You are deciding whether to pay with cash or card for an item priced at $19 by cash.
SUBJ_024,186,employment_rate,economic,loss,2,1,stimuli/employment_rate_loss.txt,An economic report states that a new policy still means 20 percent of workers in the region will lose their current jobs over the next year. Lawmakers are debating whether to adopt the policy.
SUBJ_024,187,exam_score,education,loss,3,2,stimuli/exam_score_loss.txt,A student receives exam results showing they answered 40 percent of the questions incorrectly. The student reviews the score to decide how to prepare for the next exam.
SUBJ_024,188,beef_content,consumer,gain,4,2,stimuli/beef_content_gain.txt,A grocery label describes ground beef as 75 percent lean meat. Shoppers are deciding whether the product seems healthy enough to buy for dinner tonight.
SUBJ_024,189,asian_disease,health,loss,5,3,stimuli/asian_disease_loss.txt,"Imagine that the United States is preparing for the outbreak of an unusual Asian disease, which is expected to kill 600 people. Two alternative programs to combat the disease have been proposed. Program C will result in 400 people dying for certain. Program D has a one-third probability that nobody will die, and a two-thirds probability that all 600 people will die. Which program would you favor?"
SUBJ_024,190,money_wallet,financial,gain,6,3,stimuli/money_wallet_gain.txt,You have been given $30 in cash. You must choose between two options. Option A lets you keep $20 for sure. Option B is a gamble with a fifty-fifty chance to keep all $30 or keep only $10. Which option do you choose?
SUBJ_024,191,vaccine_side_effects,health,gain,7,4,stimuli/vaccine_side_effects_gain.txt,A public health clinic explains that a vaccine has been shown to have no serious side effects in 95 percent of recipients. A person is deciding whether to schedule the vaccination appointment.
SUBJ_024,192,lives_surgery,health,gain,8,4,stimuli/lives_surgery_gain.txt,"A patient is considering a surgical procedure. The surgeon explains that the operation has a 90 percent success rate, meaning nine out of ten patients recover fully after the surgery. The patient must decide whether to proceed with the operation."
SUBJ_025,193,exam_score,education,loss,1,1,stimuli/exam_score_loss.txt,A student receives exam results showing they answered 40 percent of the questions incorrectly. The student reviews the score to decide how to prepare for the next exam.
SUBJ_025,194,employment_rate,economic,gain,2,1,stimuli/employment_rate_gain.txt,An economic report states that a new policy will help ensure that 80 percent of workers in the region keep their current jobs over the next year. Lawmakers are debating whether to adopt the policy.
SUBJ_025,195,lives_surgery,health,gain,3,2,stimuli/lives_surgery_gain.txt,"A patient is considering a surgical procedure. The surgeon explains that the operation has a 90 percent success rate, meaning nine out of ten patients recover fully after the surgery. The patient must decide whether to proceed with the operation."
SUBJ_025,196,money_wallet,financial,gain,4,2,stimuli/money_wallet_gain.txt,You have been given $30 in cash. You must choose between two options. Option A lets you keep $20 for sure. Option B is a gamble with a fifty-fifty chance to keep all $30 or keep only $10. Which option do you choose?
SUBJ_025,197,beef_content,consumer,loss,5,3,stimuli/beef_content_loss.txt,A grocery label describes ground beef as 25 percent fat. Shoppers are deciding whether the product seems healthy enough to buy for dinner tonight.
SUBJ_025,198,asian_disease,health,gain,6,3,stimuli/asian_disease_gain.txt,"Imagine that the United States is preparing for the outbreak of an unusual Asian disease, which is expected to kill 600 people. Two alternative programs to combat the disease have been proposed. Program A will save 200 people for certain. Program B has a one-third probability that all 600 people will be saved, and a two-thirds probability that no one will be saved. Which program would you favor?"
SUBJ_025,199,vaccine_side_effects,health,loss,7,4,stimuli/vaccine_side_effects_loss.txt,A public health clinic explains that a vaccine has been shown to cause mild side effects in 5 percent of recipients. A person is deciding whether to schedule the vaccination appointment.
SUBJ_025,200,credit_card_fee,financial,loss,8,4,stimuli/credit_card_fee_loss.txt,A store advertises that customers who pay with a credit card will be charged a $1 surcharge compared to the lower cash price. You are deciding whether to pay with cash or card for an item priced at $19 by cash.
SUBJ_026,201,lives_surgery,health,loss,1,1,stimuli/lives_surgery_loss.txt,"A patient is considering a surgical procedure. The surgeon explains that the operation has a 10 percent failure rate, meaning one out of ten patients do not survive the surgery. The patient must decide whether to proceed with the operation."
SUBJ_026,202,asian_disease,health,gain,2,1,stimuli/asian_disease_gain.txt,"Imagine that the United States is preparing for the outbreak of an unusual Asian disease, which is expected to kill 600 people. Two alternative programs to combat the disease have been proposed. Program A will save 200 people for certain. Program B has a one-third probability that all 600 people will be saved, and a two-thirds probability that no one will be saved. Which program would you favor?"
SUBJ_026,203,vaccine_side_effects,health,loss,3,2,stimuli/vaccine_side_effects_loss.txt,A public health clinic explains that a vaccine has been shown to cause mild side effects in 5 percent of recipients. A person is deciding whether to schedule the vaccination appointment.
SUBJ_026,204,credit_card_fee,financial,gain,4,2,stimuli/credit_card_fee_gain.txt,A store advertises that customers who pay with cash will receive a $1 discount compared to the standard price charged to credit card users. You are deciding whether to pay with cash or card for an item priced at $20 by card.
SUBJ_026,205,employment_rate,economic,loss,5,3,stimuli/employment_rate_loss.txt,An economic report states that a new policy still means 20 percent of workers in the region will lose their current jobs over the next year. Lawmakers are debating whether to adopt the policy.
SUBJ_026,206,beef_content,consumer,loss,6,3,stimuli/beef_content_loss.txt,A grocery label describes ground beef as 25 percent fat. Shoppers are deciding whether the product seems healthy enough to buy for dinner tonight.
SUBJ_026,207,exam_score,education,loss,7,4,stimuli/exam_score_loss.txt,A student receives exam results showing they answered 40 percent of the questions incorrectly. The student reviews the score to decide how to prepare for the next exam.
SUBJ_026,208,money_wallet,financial,gain,8,4,stimuli/money_wallet_gain.txt,You have been given $30 in cash. You must choose between two options. Option A lets you keep $20 for sure. Option B is a gamble with a fifty-fifty chance to keep all $30 or keep only $10. Which option do you choose?
SUBJ_027,209,vaccine_side_effects,health,loss,1,1,stimuli/vaccine_side_effects_loss.txt,A public health clinic explains that a vaccine has been shown to cause mild side effects in 5 percent of recipients. A person is deciding whether to schedule the vaccination appointment.
SUBJ_027,210,exam_score,education,gain,2,1,stimuli/exam_score_gain.txt,A student receives exam results showing they answered 60 percent of the questions correctly. The student reviews the score to decide how to prepare for the next exam.
SUBJ_027,211,money_wallet,financial,gain,3,2,stimuli/money_wallet_gain.txt,You have been given $30 in cash. You must choose between two options. Option A lets you keep $20 for sure. Option B is a gamble with a fifty-fifty chance to keep all $30 or keep only $10. Which option do you choose?
SUBJ_027,212,lives_surgery,health,loss,4,2,stimuli/lives_surgery_loss.txt,"A patient is considering a surgical procedure. The surgeon explains that the operation has a 10 percent failure rate, meaning one out of ten patients do not survive the surgery. The patient must decide whether to proceed with the operation."
SUBJ_027,213,asian_disease,health,gain,5,3,stimuli/asian_disease_gain.txt,"Imagine that the United States is preparing for the outbreak of an unusual Asian disease, which is expected to kill 600 people. Two alternative programs to combat the disease have been proposed. Program A will save 200 people for certain. Program B has a one-third probability that all 600 people will be saved, and a two-thirds probability that no one will be saved. Which program would you favor?"
SUBJ_027,214,beef_content,consumer,loss,6,3,stimuli/beef_content_loss.txt,A grocery label describes ground beef as 25 percent fat. Shoppers are deciding whether the product seems healthy enough to buy for dinner tonight.
SUBJ_027,215,credit_card_fee,financial,gain,7,4,stimuli/credit_card_fee_gain.txt,A store advertises that customers who pay with cash will receive a $1 discount compared to the standard price charged to credit card users. You are deciding whether to pay with cash or card for an item priced at $20 by card.
SUBJ_027,216,employment_rate,economic,loss,8,4,stimuli/employment_rate_loss.txt,An economic report states that a new policy still means 20 percent of workers in the region will lose their current jobs over the next year. Lawmakers are debating whether to adopt the policy.
SUBJ_028,217,exam_score,education,loss,1,1,stimuli/exam_score_loss.txt,A student receives exam results showing they answered 40 percent of the questions incorrectly. The student reviews the score to decide how to prepare for the next exam.
SUBJ_028,218,credit_card_fee,financial,gain,2,1,stimuli/credit_card_fee_gain.txt,A store advertises that customers who pay with cash will receive a $1 discount compared to the standard price charged to credit card users. You are deciding whether to pay with cash or card for an item priced at $20 by card.
SUBJ_028,219,money_wallet,financial,loss,3,2,stimuli/money_wallet_loss.txt,"You have been given $30 in cash. You must choose between two options. Option A means you will lose $10 for sure, leaving you with $20. Option B is a gamble with a fifty-fifty chance to lose nothing and keep $30, or lose $20 and keep only $10. Which option do you choose?"
SUBJ_028,220,lives_surgery,health,loss,4,2,stimuli/lives_surgery_loss.txt,"A patient is considering a surgical procedure. The surgeon explains that the operation has a 10 percent failure rate, meaning one out of ten patients do not survive the surgery. The patient must decide whether to proceed with the operation."
SUBJ_028,221,employment_rate,economic,loss,5,3,stimuli/employment_rate_loss.txt,An economic report states that a new policy still means 20 percent of workers in the region will lose their current jobs over the next year. Lawmakers are debating whether to adopt the policy.
SUBJ_028,222,vaccine_side_effects,health,gain,6,3,stimuli/vaccine_side_effects_gain.txt,A public health clinic explains that a vaccine has been shown to have no serious side effects in 95 percent of recipients. A person is deciding whether to schedule the vaccination appointment.
SUBJ_028,223,beef_content,consumer,gain,7,4,stimuli/beef_content_gain.txt,A grocery label describes ground beef as 75 percent lean meat. Shoppers are deciding whether the product seems healthy enough to buy for dinner tonight.
SUBJ_028,224,asian_disease,health,loss,8,4,stimuli/asian_disease_loss.txt,"Imagine that the United States is preparing for the outbreak of an unusual Asian disease, which is expected to kill 600 people. Two alternative programs to combat the disease have been proposed. Program C will result in 400 people dying for certain. Program D has a one-third probability that nobody will die, and a two-thirds probability that all 600 people will die. Which program would you favor?"
SUBJ_029,225,asian_disease,health,loss,1,1,stimuli/asian_disease_loss.txt,"Imagine that the United States is preparing for the outbreak of an unusual Asian disease, which is expected to kill 600 people. Two alternative programs to combat the disease have been proposed. Program C will result in 400 people dying for certain. Program D has a one-third probability that nobody will die, and a two-thirds probability that all 600 people will die. Which program would you favor?"
SUBJ_029,226,credit_card_fee,financial,gain,2,1,stimuli/credit_card_fee_gain.txt,A store advertises that customers who pay with cash will receive a $1 discount compared to the standard price charged to credit card users. You are deciding whether to pay with cash or card for an item priced at $20 by card.
SUBJ_029,227,beef_content,consumer,loss,3,2,stimuli/beef_content_loss.txt,A grocery label describes ground beef as 25 percent fat. Shoppers are deciding whether the product seems healthy enough to buy for dinner tonight.
SUBJ_029,228,exam_score,education,loss,4,2,stimuli/exam_score_loss.txt,A student receives exam results showing they answered 40 percent of the questions incorrectly. The student reviews the score to decide how to prepare for the next exam.
SUBJ_029,229,money_wallet,financial,loss,5,3,stimuli/money_wallet_loss.txt,"You have been given $30 in cash. You must choose between two options. Option A means you will lose $10 for sure, leaving you with $20. Option B is a gamble with a fifty-fifty chance to lose nothing and keep $30, or lose $20 and keep only $10. Which option do you choose?"
SUBJ_029,230,employment_rate,economic,loss,6,3,stimuli/employment_rate_loss.txt,An economic report states that a new policy still means 20 percent of workers in the region will lose their current jobs over the next year. Lawmakers are debating whether to adopt the policy.
SUBJ_029,231,lives_surgery,health,gain,7,4,stimuli/lives_surgery_gain.txt,"A patient is considering a surgical procedure. The surgeon explains that the operation has a 90 percent success rate, meaning nine out of ten patients recover fully after the surgery. The patient must decide whether to proceed with the operation."
SUBJ_029,232,vaccine_side_effects,health,loss,8,4,stimuli/vaccine_side_effects_loss.txt,A public health clinic explains that a vaccine has been shown to cause mild side effects in 5 percent of recipients. A person is deciding whether to schedule the vaccination appointment.
SUBJ_030,233,credit_card_fee,financial,loss,1,1,stimuli/credit_card_fee_loss.txt,A store advertises that customers who pay with a credit card will be charged a $1 surcharge compared to the lower cash price. You are deciding whether to pay with cash or card for an item priced at $19 by cash.
SUBJ_030,234,money_wallet,financial,gain,2,1,stimuli/money_wallet_gain.txt,You have been given $30 in cash. You must choose between two options. Option A lets you keep $20 for sure. Option B is a gamble with a fifty-fifty chance to keep all $30 or keep only $10. Which option do you choose?
SUBJ_030,235,lives_surgery,health,gain,3,2,stimuli/lives_surgery_gain.txt,"A patient is considering a surgical procedure. The surgeon explains that the operation has a 90 percent success rate, meaning nine out of ten patients recover fully after the surgery. The patient must decide whether to proceed with the operation."
SUBJ_030,236,asian_disease,health,loss,4,2,stimuli/asian_disease_loss.txt,"Imagine that the United States is preparing for the outbreak of an unusual Asian disease, which is expected to kill 600 people. Two alternative programs to combat the disease have been proposed. Program C will result in 400 people dying for certain. Program D has a one-third probability that nobody will die, and a two-thirds probability that all 600 people will die. Which program would you favor?"
SUBJ_030,237,employment_rate,economic,loss,5,3,stimuli/employment_rate_loss.txt,An economic report states that a new policy still means 20 percent of workers in the region will lose their current jobs over the next year. Lawmakers are debating whether to adopt the policy.
SUBJ_030,238,beef_content,consumer,loss,6,3,stimuli/beef_content_loss.txt,A grocery label describes ground beef as 25 percent fat. Shoppers are deciding whether the product seems healthy enough to buy for dinner tonight.
SUBJ_030,239,exam_score,education,loss,7,4,stimuli/exam_score_loss.txt,A student receives exam results showing they answered 40 percent of the questions incorrectly. The student reviews the score to decide how to prepare for the next exam.
SUBJ_030,240,vaccine_side_effects,health,loss,8,4,stimuli/vaccine_side_effects_loss.txt,A public health clinic explains that a vaccine has been shown to cause mild side effects in 5 percent of recipients. A person is deciding whether to schedule the vaccination appointment.
SUBJ_031,241,credit_card_fee,financial,gain,1,1,stimuli/credit_card_fee_gain.txt,A store advertises that customers who pay with cash will receive a $1 discount compared to the standard price charged to credit card users. You are deciding whether to pay with cash or card for an item priced at $20 by card.
SUBJ_031,242,beef_content,consumer,gain,2,1,stimuli/beef_content_gain.txt,A grocery label describes ground beef as 75 percent lean meat. Shoppers are deciding whether the product seems healthy enough to buy for dinner tonight.
SUBJ_031,243,vaccine_side_effects,health,gain,3,2,stimuli/vaccine_side_effects_gain.txt,A public health clinic explains that a vaccine has been shown to have no serious side effects in 95 percent of recipients. A person is deciding whether to schedule the vaccination appointment.
SUBJ_031,244,money_wallet,financial,gain,4,2,stimuli/money_wallet_gain.txt,You have been given $30 in cash. You must choose between two options. Option A lets you keep $20 for sure. Option B is a gamble with a fifty-fifty chance to keep all $30 or keep only $10. Which option do you choose?
SUBJ_031,245,exam_score,education,gain,5,3,stimuli/exam_score_gain.txt,A student receives exam results showing they answered 60 percent of the questions correctly. The student reviews the score to decide how to prepare for the next exam.
SUBJ_031,246,lives_surgery,health,loss,6,3,stimuli/lives_surgery_loss.txt,"A patient is considering a surgical procedure. The surgeon explains that the operation has a 10 percent failure rate, meaning one out of ten patients do not survive the surgery. The patient must decide whether to proceed with the operation."
SUBJ_031,247,asian_disease,health,gain,7,4,stimuli/asian_disease_gain.txt,"Imagine that the United States is preparing for the outbreak of an unusual Asian disease, which is expected to kill 600 people. Two alternative programs to combat the disease have been proposed. Program A will save 200 people for certain. Program B has a one-third probability that all 600 people will be saved, and a two-thirds probability that no one will be saved. Which program would you favor?"
SUBJ_031,248,employment_rate,economic,loss,8,4,stimuli/employment_rate_loss.txt,An economic report states that a new policy still means 20 percent of workers in the region will lose their current jobs over the next year. Lawmakers are debating whether to adopt the policy.
SUBJ_032,249,exam_score,education,gain,1,1,stimuli/exam_score_gain.txt,A student receives exam results showing they answered 60 percent of the questions correctly. The student reviews the score to decide how to prepare for the next exam.
SUBJ_032,250,credit_card_fee,financial,gain,2,1,stimuli/credit_card_fee_gain.txt,A store advertises that customers who pay with cash will receive a $1 discount compared to the standard price charged to credit card users. You are deciding whether to pay with cash or card for an item priced at $20 by card.
SUBJ_032,251,asian_disease,health,gain,3,2,stimuli/asian_disease_gain.txt,"Imagine that the United States is preparing for the outbreak of an unusual Asian disease, which is expected to kill 600 people. Two alternative programs to combat the disease have been proposed. Program A will save 200 people for certain. Program B has a one-third probability that all 600 people will be saved, and a two-thirds probability that no one will be saved. Which program would you favor?"
SUBJ_032,252,beef_content,consumer,gain,4,2,stimuli/beef_content_gain.txt,A grocery label describes ground beef as 75 percent lean meat. Shoppers are deciding whether the product seems healthy enough to buy for dinner tonight.
SUBJ_032,253,vaccine_side_effects,health,loss,5,3,stimuli/vaccine_side_effects_loss.txt,A public health clinic explains that a vaccine has been shown to cause mild side effects in 5 percent of recipients. A person is deciding whether to schedule the vaccination appointment.
SUBJ_032,254,employment_rate,economic,gain,6,3,stimuli/employment_rate_gain.txt,An economic report states that a new policy will help ensure that 80 percent of workers in the region keep their current jobs over the next year. Lawmakers are debating whether to adopt the policy.
SUBJ_032,255,lives_surgery,health,gain,7,4,stimuli/lives_surgery_gain.txt,"A patient is considering a surgical procedure. The surgeon explains that the operation has a 90 percent success rate, meaning nine out of ten patients recover fully after the surgery. The patient must decide whether to proceed with the operation."
SUBJ_032,256,money_wallet,financial,gain,8,4,stimuli/money_wallet_gain.txt,You have been given $30 in cash. You must choose between two options. Option A lets you keep $20 for sure. Option B is a gamble with a fifty-fifty chance to keep all $30 or keep only $10. Which option do you choose?
SUBJ_033,257,credit_card_fee,financial,loss,1,1,stimuli/credit_card_fee_loss.txt,A store advertises that customers who pay with a credit card will be charged a $1 surcharge compared to the lower cash price. You are deciding whether to pay with cash or card for an item priced at $19 by cash.
SUBJ_033,258,lives_surgery,health,loss,2,1,stimuli/lives_surgery_loss.txt,"A patient is considering a surgical procedure. The surgeon explains that the operation has a 10 percent failure rate, meaning one out of ten patients do not survive the surgery. The patient must decide whether to proceed with the operation."
SUBJ_033,259,beef_content,consumer,loss,3,2,stimuli/beef_content_loss.txt,A grocery label describes ground beef as 25 percent fat. Shoppers are deciding whether the product seems healthy enough to buy for dinner tonight.
SUBJ_033,260,employment_rate,economic,gain,4,2,stimuli/employment_rate_gain.txt,An economic report states that a new policy will help ensure that 80 percent of workers in the region keep their current jobs over the next year. Lawmakers are debating whether to adopt the policy.
SUBJ_033,261,money_wallet,financial,loss,5,3,stimuli/money_wallet_loss.txt,"You have been given $30 in cash. You must choose between two options. Option A means you will lose $10 for sure, leaving you with $20. Option B is a gamble with a fifty-fifty chance to lose nothing and keep $30, or lose $20 and keep only $10. Which option do you choose?"
SUBJ_033,262,exam_score,education,loss,6,3,stimuli/exam_score_loss.txt,A student receives exam results showing they answered 40 percent of the questions incorrectly. The student reviews the score to decide how to prepare for the next exam.
SUBJ_033,263,vaccine_side_effects,health,gain,7,4,stimuli/vaccine_side_effects_gain.txt,A public health clinic explains that a vaccine has been shown to have no serious side effects in 95 percent of recipients. A person is deciding whether to schedule the vaccination appointment.
SUBJ_033,264,asian_disease,health,gain,8,4,stimuli/asian_disease_gain.txt,"Imagine that the United States is preparing for the outbreak of an unusual Asian disease, which is expected to kill 600 people. Two alternative programs to combat the disease have been proposed. Program A will save 200 people for certain. Program B has a one-third probability that all 600 people will be saved, and a two-thirds probability that no one will be saved. Which program would you favor?"
SUBJ_034,265,asian_disease,health,gain,1,1,stimuli/asian_disease_gain.txt,"Imagine that the United States is preparing for the outbreak of an unusual Asian disease, which is expected to kill 600 people. Two alternative programs to combat the disease have been proposed. Program A will save 200 people for certain. Program B has a one-third probability that all 600 people will be saved, and a two-thirds probability that no one will be saved. Which program would you favor?"
SUBJ_034,266,credit_card_fee,financial,loss,2,1,stimuli/credit_card_fee_loss.txt,A store advertises that customers who pay with a credit card will be charged a $1 surcharge compared to the lower cash price. You are deciding whether to pay with cash or card for an item priced at $19 by cash.
SUBJ_034,267,money_wallet,financial,loss,3,2,stimuli/money_wallet_loss.txt,"You have been given $30 in cash. You must choose between two options. Option A means you will lose $10 for sure, leaving you with $20. Option B is a gamble with a fifty-fifty chance to lose nothing and keep $30, or lose $20 and keep only $10. Which option do you choose?"
SUBJ_034,268,exam_score,education,gain,4,2,stimuli/exam_score_gain.txt,A student receives exam results showing they answered 60 percent of the questions correctly. The student reviews the score to decide how to prepare for the next exam.
SUBJ_034,269,vaccine_side_effects,health,gain,5,3,stimuli/vaccine_side_effects_gain.txt,A public health clinic explains that a vaccine has been shown to have no serious side effects in 95 percent of recipients. A person is deciding whether to schedule the vaccination appointment.
SUBJ_034,270,employment_rate,economic,gain,6,3,stimuli/employment_rate_gain.txt,An economic report states that a new policy will help ensure that 80 percent of workers in the region keep their current jobs over the next year. Lawmakers are debating whether to adopt the policy.
SUBJ_034,271,lives_surgery,health,gain,7,4,stimuli/lives_surgery_gain.txt,"A patient is considering a surgical procedure. The surgeon explains that the operation has a 90 percent success rate, meaning nine out of ten patients recover fully after the surgery. The patient must decide whether to proceed with the operation."
SUBJ_034,272,beef_content,consumer,gain,8,4,stimuli/beef_content_gain.txt,A grocery label describes ground beef as 75 percent lean meat. Shoppers are deciding whether the product seems healthy enough to buy for dinner tonight.
SUBJ_035,273,asian_disease,health,loss,1,1,stimuli/asian_disease_loss.txt,"Imagine that the United States is preparing for the outbreak of an unusual Asian disease, which is expected to kill 600 people. Two alternative programs to combat the disease have been proposed. Program C will result in 400 people dying for certain. Program D has a one-third probability that nobody will die, and a two-thirds probability that all 600 people will die. Which program would you favor?"
SUBJ_035,274,money_wallet,financial,gain,2,1,stimuli/money_wallet_gain.txt,You have been given $30 in cash. You must choose between two options. Option A lets you keep $20 for sure. Option B is a gamble with a fifty-fifty chance to keep all $30 or keep only $10. Which option do you choose?
SUBJ_035,275,vaccine_side_effects,health,gain,3,2,stimuli/vaccine_side_effects_gain.txt,A public health clinic explains that a vaccine has been shown to have no serious side effects in 95 percent of recipients. A person is deciding whether to schedule the vaccination appointment.
SUBJ_035,276,beef_content,consumer,gain,4,2,stimuli/beef_content_gain.txt,A grocery label describes ground beef as 75 percent lean meat. Shoppers are deciding whether the product seems healthy enough to buy for dinner tonight.
SUBJ_035,277,exam_score,education,loss,5,3,stimuli/exam_score_loss.txt,A student receives exam results showing they answered 40 percent of the questions incorrectly. The student reviews the score to decide how to prepare for the next exam.
SUBJ_035,278,lives_surgery,health,gain,6,3,stimuli/lives_surgery_gain.txt,"A patient is considering a surgical procedure. The surgeon explains that the operation has a 90 percent success rate, meaning nine out of ten patients recover fully after the surgery. The patient must decide whether to proceed with the operation."
SUBJ_035,279,credit_card_fee,financial,loss,7,4,stimuli/credit_card_fee_loss.txt,A store advertises that customers who pay with a credit card will be charged a $1 surcharge compared to the lower cash price. You are deciding whether to pay with cash or card for an item priced at $19 by cash.
SUBJ_035,280,employment_rate,economic,gain,8,4,stimuli/employment_rate_gain.txt,An economic report states that a new policy will help ensure that 80 percent of workers in the region keep their current jobs over the next year. Lawmakers are debating whether to adopt the policy.
SUBJ_036,281,credit_card_fee,financial,loss,1,1,stimuli/credit_card_fee_loss.txt,A store advertises that customers who pay with a credit card will be charged a $1 surcharge compared to the lower cash price. You are deciding whether to pay with cash or card for an item priced at $19 by cash.
SUBJ_036,282,money_wallet,financial,loss,2,1,stimuli/money_wallet_loss.txt,"You have been given $30 in cash. You must choose between two options. Option A means you will lose $10 for sure, leaving you with $20. Option B is a gamble with a fifty-fifty chance to lose nothing and keep $30, or lose $20 and keep only $10. Which option do you choose?"
SUBJ_036,283,vaccine_side_effects,health,gain,3,2,stimuli/vaccine_side_effects_gain.txt,A public health clinic explains that a vaccine has been shown to have no serious side effects in 95 percent of recipients. A person is deciding whether to schedule the vaccination appointment.
SUBJ_036,284,asian_disease,health,loss,4,2,stimuli/asian_disease_loss.txt,"Imagine that the United States is preparing for the outbreak of an unusual Asian disease, which is expected to kill 600 people. Two alternative programs to combat the disease have been proposed. Program C will result in 400 people dying for certain. Program D has a one-third probability that nobody will die, and a two-thirds probability that all 600 people will die. Which program would you favor?"
SUBJ_036,285,beef_content,consumer,gain,5,3,stimuli/beef_content_gain.txt,A grocery label describes ground beef as 75 percent lean meat. Shoppers are deciding whether the product seems healthy enough to buy for dinner tonight.
SUBJ_036,286,lives_surgery,health,gain,6,3,stimuli/lives_surgery_gain.txt,"A patient is considering a surgical procedure. The surgeon explains that the operation has a 90 percent success rate, meaning nine out of ten patients recover fully after the surgery. The patient must decide whether to proceed with the operation."
SUBJ_036,287,exam_score,education,gain,7,4,stimuli/exam_score_gain.txt,A student receives exam results showing they answered 60 percent of the questions correctly. The student reviews the score to decide how to prepare for the next exam.
SUBJ_036,288,employment_rate,economic,gain,8,4,stimuli/employment_rate_gain.txt,An economic report states that a new policy will help ensure that 80 percent of workers in the region keep their current jobs over the next year. Lawmakers are debating whether to adopt the policy.
SUBJ_037,289,exam_score,education,gain,1,1,stimuli/exam_score_gain.txt,A student receives exam results showing they answered 60 percent of the questions correctly. The student reviews the score to decide how to prepare for the next exam.
SUBJ_037,290,vaccine_side_effects,health,gain,2,1,stimuli/vaccine_side_effects_gain.txt,A public health clinic explains that a vaccine has been shown to have no serious side effects in 95 percent of recipients. A person is deciding whether to schedule the vaccination appointment.
SUBJ_037,291,asian_disease,health,gain,3,2,stimuli/asian_disease_gain.txt,"Imagine that the United States is preparing for the outbreak of an unusual Asian disease, which is expected to kill 600 people. Two alternative programs to combat the disease have been proposed. Program A will save 200 people for certain. Program B has a one-third probability that all 600 people will be saved, and a two-thirds probability that no one will be saved. Which program would you favor?"
SUBJ_037,292,lives_surgery,health,gain,4,2,stimuli/lives_surgery_gain.txt,"A patient is considering a surgical procedure. The surgeon explains that the operation has a 90 percent success rate, meaning nine out of ten patients recover fully after the surgery. The patient must decide whether to proceed with the operation."
SUBJ_037,293,employment_rate,economic,loss,5,3,stimuli/employment_rate_loss.txt,An economic report states that a new policy still means 20 percent of workers in the region will lose their current jobs over the next year. Lawmakers are debating whether to adopt the policy.
SUBJ_037,294,beef_content,consumer,loss,6,3,stimuli/beef_content_loss.txt,A grocery label describes ground beef as 25 percent fat. Shoppers are deciding whether the product seems healthy enough to buy for dinner tonight.
SUBJ_037,295,credit_card_fee,financial,loss,7,4,stimuli/credit_card_fee_loss.txt,A store advertises that customers who pay with a credit card will be charged a $1 surcharge compared to the lower cash price. You are deciding whether to pay with cash or card for an item priced at $19 by cash.
SUBJ_037,296,money_wallet,financial,loss,8,4,stimuli/money_wallet_loss.txt,"You have been given $30 in cash. You must choose between two options. Option A means you will lose $10 for sure, leaving you with $20. Option B is a gamble with a fifty-fifty chance to lose nothing and keep $30, or lose $20 and keep only $10. Which option do you choose?"
SUBJ_038,297,asian_disease,health,loss,1,1,stimuli/asian_disease_loss.txt,"Imagine that the United States is preparing for the outbreak of an unusual Asian disease, which is expected to kill 600 people. Two alternative programs to combat the disease have been proposed. Program C will result in 400 people dying for certain. Program D has a one-third probability that nobody will die, and a two-thirds probability that all 600 people will die. Which program would you favor?"
SUBJ_038,298,employment_rate,economic,loss,2,1,stimuli/employment_rate_loss.txt,An economic report states that a new policy still means 20 percent of workers in the region will lose their current jobs over the next year. Lawmakers are debating whether to adopt the policy.
SUBJ_038,299,money_wallet,financial,gain,3,2,stimuli/money_wallet_gain.txt,You have been given $30 in cash. You must choose between two options. Option A lets you keep $20 for sure. Option B is a gamble with a fifty-fifty chance to keep all $30 or keep only $10. Which option do you choose?
SUBJ_038,300,vaccine_side_effects,health,loss,4,2,stimuli/vaccine_side_effects_loss.txt,A public health clinic explains that a vaccine has been shown to cause mild side effects in 5 percent of recipients. A person is deciding whether to schedule the vaccination appointment.
SUBJ_038,301,credit_card_fee,financial,loss,5,3,stimuli/credit_card_fee_loss.txt,A store advertises that customers who pay with a credit card will be charged a $1 surcharge compared to the lower cash price. You are deciding whether to pay with cash or card for an item priced at $19 by cash.
SUBJ_038,302,exam_score,education,gain,6,3,stimuli/exam_score_gain.txt,A student receives exam results showing they answered 60 percent of the questions correctly. The student reviews the score to decide how to prepare for the next exam.
SUBJ_038,303,beef_content,consumer,gain,7,4,stimuli/beef_content_gain.txt,A grocery label describes ground beef as 75 percent lean meat. Shoppers are deciding whether the product seems healthy enough to buy for dinner tonight.
SUBJ_038,304,lives_surgery,health,loss,8,4,stimuli/lives_surgery_loss.txt,"A patient is considering a surgical procedure. The surgeon explains that the operation has a 10 percent failure rate, meaning one out of ten patients do not survive the surgery. The patient must decide whether to proceed with the operation."
SUBJ_039,305,exam_score,education,loss,1,1,stimuli/exam_score_loss.txt,A student receives exam results showing they answered 40 percent of the questions incorrectly. The student reviews the score to decide how to prepare for the next exam.
SUBJ_039,306,employment_rate,economic,gain,2,1,stimuli/employment_rate_gain.txt,An economic report states that a new policy will help ensure that 80 percent of workers in the region keep their current jobs over the next year. Lawmakers are debating whether to adopt the policy.
SUBJ_039,307,asian_disease,health,loss,3,2,stimuli/asian_disease_loss.txt,"Imagine that the United States is preparing for the outbreak of an unusual Asian disease, which is expected to kill 600 people. Two alternative programs to combat the disease have been proposed. Program C will result in 400 people dying for certain. Program D has a one-third probability that nobody will die, and a two-thirds probability that all 600 people will die. Which program would you favor?"
SUBJ_039,308,lives_surgery,health,gain,4,2,stimuli/lives_surgery_gain.txt,"A patient is considering a surgical procedure. The surgeon explains that the operation has a 90 percent success rate, meaning nine out of ten patients recover fully after the surgery. The patient must decide whether to proceed with the operation."
SUBJ_039,309,credit_card_fee,financial,gain,5,3,stimuli/credit_card_fee_gain.txt,A store advertises that customers who pay with cash will receive a $1 discount compared to the standard price charged to credit card users. You are deciding whether to pay with cash or card for an item priced at $20 by card.
SUBJ_039,310,vaccine_side_effects,health,gain,6,3,stimuli/vaccine_side_effects_gain.txt,A public health clinic explains that a vaccine has been shown to have no serious side effects in 95 percent of recipients. A person is deciding whether to schedule the vaccination appointment.
SUBJ_039,311,beef_content,consumer,gain,7,4,stimuli/beef_content_gain.txt,A grocery label describes ground beef as 75 percent lean meat. Shoppers are deciding whether the product seems healthy enough to buy for dinner tonight.
SUBJ_039,312,money_wallet,financial,gain,8,4,stimuli/money_wallet_gain.txt,You have been given $30 in cash. You must choose between two options. Option A lets you keep $20 for sure. Option B is a gamble with a fifty-fifty chance to keep all $30 or keep only $10. Which option do you choose?
SUBJ_040,313,exam_score,education,gain,1,1,stimuli/exam_score_gain.txt,A student receives exam results showing they answered 60 percent of the questions correctly. The student reviews the score to decide how to prepare for the next exam.
SUBJ_040,314,money_wallet,financial,loss,2,1,stimuli/money_wallet_loss.txt,"You have been given $30 in cash. You must choose between two options. Option A means you will lose $10 for sure, leaving you with $20. Option B is a gamble with a fifty-fifty chance to lose nothing and keep $30, or lose $20 and keep only $10. Which option do you choose?"
SUBJ_040,315,beef_content,consumer,loss,3,2,stimuli/beef_content_loss.txt,A grocery label describes ground beef as 25 percent fat. Shoppers are deciding whether the product seems healthy enough to buy for dinner tonight.
SUBJ_040,316,credit_card_fee,financial,gain,4,2,stimuli/credit_card_fee_gain.txt,A store advertises that customers who pay with cash will receive a $1 discount compared to the standard price charged to credit card users. You are deciding whether to pay with cash or card for an item priced at $20 by card.
SUBJ_040,317,lives_surgery,health,gain,5,3,stimuli/lives_surgery_gain.txt,"A patient is considering a surgical procedure. The surgeon explains that the operation has a 90 percent success rate, meaning nine out of ten patients recover fully after the surgery. The patient must decide whether to proceed with the operation."
SUBJ_040,318,asian_disease,health,gain,6,3,stimuli/asian_disease_gain.txt,"Imagine that the United States is preparing for the outbreak of an unusual Asian disease, which is expected to kill 600 people. Two alternative programs to combat the disease have been proposed. Program A will save 200 people for certain. Program B has a one-third probability that all 600 people will be saved, and a two-thirds probability that no one will be saved. Which program would you favor?"
SUBJ_040,319,employment_rate,economic,gain,7,4,stimuli/employment_rate_gain.txt,An economic report states that a new policy will help ensure that 80 percent of workers in the region keep their current jobs over the next year. Lawmakers are debating whether to adopt the policy.
SUBJ_040,320,vaccine_side_effects,health,loss,8,4,stimuli/vaccine_side_effects_loss.txt,A public health clinic explains that a vaccine has been shown to cause mild side effects in 5 percent of recipients. A person is deciding whether to schedule the vaccination appointment.
SUBJ_041,321,vaccine_side_effects,health,loss,1,1,stimuli/vaccine_side_effects_loss.txt,A public health clinic explains that a vaccine has been shown to cause mild side effects in 5 percent of recipients. A person is deciding whether to schedule the vaccination appointment.
SUBJ_041,322,money_wallet,financial,loss,2,1,stimuli/money_wallet_loss.txt,"You have been given $30 in cash. You must choose between two options. Option A means you will lose $10 for sure, leaving you with $20. Option B is a gamble with a fifty-fifty chance to lose nothing and keep $30, or lose $20 and keep only $10. Which option do you choose?"
SUBJ_041,323,beef_content,consumer,loss,3,2,stimuli/beef_content_loss.txt,A grocery label describes ground beef as 25 percent fat. Shoppers are deciding whether the product seems healthy enough to buy for dinner tonight.
SUBJ_041,324,lives_surgery,health,loss,4,2,stimuli/lives_surgery_loss.txt,"A patient is considering a surgical procedure. The surgeon explains that the operation has a 10 percent failure rate, meaning one out of ten patients do not survive the surgery. The patient must decide whether to proceed with the operation."
SUBJ_041,325,asian_disease,health,gain,5,3,stimuli/asian_disease_gain.txt,"Imagine that the United States is preparing for the outbreak of an unusual Asian disease, which is expected to kill 600 people. Two alternative programs to combat the disease have been proposed. Program A will save 200 people for certain. Program B has a one-third probability that all 600 people will be saved, and a two-thirds probability that no one will be saved. Which program would you favor?"
SUBJ_041,326,credit_card_fee,financial,loss,6,3,stimuli/credit_card_fee_loss.txt,A store advertises that customers who pay with a credit card will be charged a $1 surcharge compared to the lower cash price. You are deciding whether to pay with cash or card for an item priced at $19 by cash.
SUBJ_041,327,employment_rate,economic,loss,7,4,stimuli/employment_rate_loss.txt,An economic report states that a new policy still means 20 percent of workers in the region will lose their current jobs over the next year. Lawmakers are debating whether to adopt the policy.
SUBJ_041,328,exam_score,education,gain,8,4,stimuli/exam_score_gain.txt,A student receives exam results showing they answered 60 percent of the questions correctly. The student reviews the score to decide how to prepare for the next exam.
SUBJ_042,329,credit_card_fee,financial,loss,1,1,stimuli/credit_card_fee_loss.txt,A store advertises that customers who pay with a credit card will be charged a $1 surcharge compared to the lower cash price. You are deciding whether to pay with cash or card for an item priced at $19 by cash.
SUBJ_042,330,vaccine_side_effects,health,gain,2,1,stimuli/vaccine_side_effects_gain.txt,A public health clinic explains that a vaccine has been shown to have no serious side effects in 95 percent of recipients. A person is deciding whether to schedule the vaccination appointment.
SUBJ_042,331,asian_disease,health,gain,3,2,stimuli/asian_disease_gain.txt,"Imagine that the United States is preparing for the outbreak of an unusual Asian disease, which is expected to kill 600 people. Two alternative programs to combat the disease have been proposed. Program A will save 200 people for certain. Program B has a one-third probability that all 600 people will be saved, and a two-thirds probability that no one will be saved. Which program would you favor?"
SUBJ_042,332,money_wallet,financial,loss,4,2,stimuli/money_wallet_loss.txt,"You have been given $30 in cash. You must choose between two options. Option A means you will lose $10 for sure, leaving you with $20. Option B is a gamble with a fifty-fifty chance to lose nothing and keep $30, or lose $20 and keep only $10. Which option do you choose?"
SUBJ_042,333,beef_content,consumer,loss,5,3,stimuli/beef_content_loss.txt,A grocery label describes ground beef as 25 percent fat. Shoppers are deciding whether the product seems healthy enough to buy for dinner tonight.
SUBJ_042,334,lives_surgery,health,gain,6,3,stimuli/lives_surgery_gain.txt,"A patient is considering a surgical procedure. The surgeon explains that the operation has a 90 percent success rate, meaning nine out of ten patients recover fully after the surgery. The patient must decide whether to proceed with the operation."
SUBJ_042,335,exam_score,education,loss,7,4,stimuli/exam_score_loss.txt,A student receives exam results showing they answered 40 percent of the questions incorrectly. The student reviews the score to decide how to prepare for the next exam.
SUBJ_042,336,employment_rate,economic,loss,8,4,stimuli/employment_rate_loss.txt,An economic report states that a new policy still means 20 percent of workers in the region will lose their current jobs over the next year. Lawmakers are debating whether to adopt the policy.
SUBJ_043,337,vaccine_side_effects,health,loss,1,1,stimuli/vaccine_side_effects_loss.txt,A public health clinic explains that a vaccine has been shown to cause mild side effects in 5 percent of recipients. A person is deciding whether to schedule the vaccination appointment.
SUBJ_043,338,employment_rate,economic,loss,2,1,stimuli/employment_rate_loss.txt,An economic report states that a new policy still means 20 percent of workers in the region will lose their current jobs over the next year. Lawmakers are debating whether to adopt the policy.
SUBJ_043,339,lives_surgery,health,loss,3,2,stimuli/lives_surgery_loss.txt,"A patient is considering a surgical procedure. The surgeon explains that the operation has a 10 percent failure rate, meaning one out of ten patients do not survive the surgery. The patient must decide whether to proceed with the operation."
SUBJ_043,340,beef_content,consumer,gain,4,2,stimuli/beef_content_gain.txt,A grocery label describes ground beef as 75 percent lean meat. Shoppers are deciding whether the product seems healthy enough to buy for dinner tonight.
SUBJ_043,341,asian_disease,health,gain,5,3,stimuli/asian_disease_gain.txt,"Imagine that the United States is preparing for the outbreak of an unusual Asian disease, which is expected to kill 600 people. Two alternative programs to combat the disease have been proposed. Program A will save 200 people for certain. Program B has a one-third probability that all 600 people will be saved, and a two-thirds probability that no one will be saved. Which program would you favor?"
SUBJ_043,342,exam_score,education,loss,6,3,stimuli/exam_score_loss.txt,A student receives exam results showing they answered 40 percent of the questions incorrectly. The student reviews the score to decide how to prepare for the next exam.
SUBJ_043,343,money_wallet,financial,loss,7,4,stimuli/money_wallet_loss.txt,"You have been given $30 in cash. You must choose between two options. Option A means you will lose $10 for sure, leaving you with $20. Option B is a gamble with a fifty-fifty chance to lose nothing and keep $30, or lose $20 and keep only $10. Which option do you choose?"
SUBJ_043,344,credit_card_fee,financial,loss,8,4,stimuli/credit_card_fee_loss.txt,A store advertises that customers who pay with a credit card will be charged a $1 surcharge compared to the lower cash price. You are deciding whether to pay with cash or card for an item priced at $19 by cash.
SUBJ_044,345,employment_rate,economic,gain,1,1,stimuli/employment_rate_gain.txt,An economic report states that a new policy will help ensure that 80 percent of workers in the region keep their current jobs over the next year. Lawmakers are debating whether to adopt the policy.
SUBJ_044,346,credit_card_fee,financial,loss,2,1,stimuli/credit_card_fee_loss.txt,A store advertises that customers who pay with a credit card will be charged a $1 surcharge compared to the lower cash price. You are deciding whether to pay with cash or card for an item priced at $19 by cash.
SUBJ_044,347,money_wallet,financial,gain,3,2,stimuli/money_wallet_gain.txt,You have been given $30 in cash. You must choose between two options. Option A lets you keep $20 for sure. Option B is a gamble with a fifty-fifty chance to keep all $30 or keep only $10. Which option do you choose?
SUBJ_044,348,beef_content,consumer,gain,4,2,stimuli/beef_content_gain.txt,A grocery label describes ground beef as 75 percent lean meat. Shoppers are deciding whether the product seems healthy enough to buy for dinner tonight.
SUBJ_044,349,vaccine_side_effects,health,loss,5,3,stimuli/vaccine_side_effects_loss.txt,A public health clinic explains that a vaccine has been shown to cause mild side effects in 5 percent of recipients. A person is deciding whether to schedule the vaccination appointment.
SUBJ_044,350,lives_surgery,health,loss,6,3,stimuli/lives_surgery_loss.txt,"A patient is considering a surgical procedure. The surgeon explains that the operation has a 10 percent failure rate, meaning one out of ten patients do not survive the surgery. The patient must decide whether to proceed with the operation."
SUBJ_044,351,exam_score,education,loss,7,4,stimuli/exam_score_loss.txt,A student receives exam results showing they answered 40 percent of the questions incorrectly. The student reviews the score to decide how to prepare for the next exam.
SUBJ_044,352,asian_disease,health,loss,8,4,stimuli/asian_disease_loss.txt,"Imagine that the United States is preparing for the outbreak of an unusual Asian disease, which is expected to kill 600 people. Two alternative programs to combat the disease have been proposed. Program C will result in 400 people dying for certain. Program D has a one-third probability that nobody will die, and a two-thirds probability that all 600 people will die. Which program would you favor?"
SUBJ_045,353,exam_score,education,loss,1,1,stimuli/exam_score_loss.txt,A student receives exam results showing they answered 40 percent of the questions incorrectly. The student reviews the score to decide how to prepare for the next exam.
SUBJ_045,354,employment_rate,economic,loss,2,1,stimuli/employment_rate_loss.txt,An economic report states that a new policy still means 20 percent of workers in the region will lose their current jobs over the next year. Lawmakers are debating whether to adopt the policy.
SUBJ_045,355,asian_disease,health,loss,3,2,stimuli/asian_disease_loss.txt,"Imagine that the United States is preparing for the outbreak of an unusual Asian disease, which is expected to kill 600 people. Two alternative programs to combat the disease have been proposed. Program C will result in 400 people dying for certain. Program D has a one-third probability that nobody will die, and a two-thirds probability that all 600 people will die. Which program would you favor?"
SUBJ_045,356,vaccine_side_effects,health,loss,4,2,stimuli/vaccine_side_effects_loss.txt,A public health clinic explains that a vaccine has been shown to cause mild side effects in 5 percent of recipients. A person is deciding whether to schedule the vaccination appointment.
SUBJ_045,357,money_wallet,financial,loss,5,3,stimuli/money_wallet_loss.txt,"You have been given $30 in cash. You must choose between two options. Option A means you will lose $10 for sure, leaving you with $20. Option B is a gamble with a fifty-fifty chance to lose nothing and keep $30, or lose $20 and keep only $10. Which option do you choose?"
SUBJ_045,358,beef_content,consumer,loss,6,3,stimuli/beef_content_loss.txt,A grocery label describes ground beef as 25 percent fat. Shoppers are deciding whether the product seems healthy enough to buy for dinner tonight.
SUBJ_045,359,lives_surgery,health,loss,7,4,stimuli/lives_surgery_loss.txt,"A patient is considering a surgical procedure. The surgeon explains that the operation has a 10 percent failure rate, meaning one out of ten patients do not survive the surgery. The patient must decide whether to proceed with the operation."
SUBJ_045,360,credit_card_fee,financial,gain,8,4,stimuli/credit_card_fee_gain.txt,A store advertises that customers who pay with cash will receive a $1 discount compared to the standard price charged to credit card users. You are deciding whether to pay with cash or card for an item priced at $20 by card.
SUBJ_046,361,vaccine_side_effects,health,loss,1,1,stimuli/vaccine_side_effects_loss.txt,A public health clinic explains that a vaccine has been shown to cause mild side effects in 5 percent of recipients. A person is deciding whether to schedule the vaccination appointment.
SUBJ_046,362,employment_rate,economic,loss,2,1,stimuli/employment_rate_loss.txt,An economic report states that a new policy still means 20 percent of workers in the region will lose their current jobs over the next year. Lawmakers are debating whether to adopt the policy.
SUBJ_046,363,beef_content,consumer,gain,3,2,stimuli/beef_content_gain.txt,A grocery label describes ground beef as 75 percent lean meat. Shoppers are deciding whether the product seems healthy enough to buy for dinner tonight.
SUBJ_046,364,asian_disease,health,loss,4,2,stimuli/asian_disease_loss.txt,"Imagine that the United States is preparing for the outbreak of an unusual Asian disease, which is expected to kill 600 people. Two alternative programs to combat the disease have been proposed. Program C will result in 400 people dying for certain. Program D has a one-third probability that nobody will die, and a two-thirds probability that all 600 people will die. Which program would you favor?"
SUBJ_046,365,lives_surgery,health,gain,5,3,stimuli/lives_surgery_gain.txt,"A patient is considering a surgical procedure. The surgeon explains that the operation has a 90 percent success rate, meaning nine out of ten patients recover fully after the surgery. The patient must decide whether to proceed with the operation."
SUBJ_046,366,exam_score,education,gain,6,3,stimuli/exam_score_gain.txt,A student receives exam results showing they answered 60 percent of the questions correctly. The student reviews the score to decide how to prepare for the next exam.
SUBJ_046,367,money_wallet,financial,loss,7,4,stimuli/money_wallet_loss.txt,"You have been given $30 in cash. You must choose between two options. Option A means you will lose $10 for sure, leaving you with $20. Option B is a gamble with a fifty-fifty chance to lose nothing and keep $30, or lose $20 and keep only $10. Which option do you choose?"
SUBJ_046,368,credit_card_fee,financial,gain,8,4,stimuli/credit_card_fee_gain.txt,A store advertises that customers who pay with cash will receive a $1 discount compared to the standard price charged to credit card users. You are deciding whether to pay with cash or card for an item priced at $20 by card.
SUBJ_047,369,credit_card_fee,financial,gain,1,1,stimuli/credit_card_fee_gain.txt,A store advertises that customers who pay with cash will receive a $1 discount compared to the standard price charged to credit card users. You are deciding whether to pay with cash or card for an item priced at $20 by card.
SUBJ_047,370,employment_rate,economic,gain,2,1,stimuli/employment_rate_gain.txt,An economic report states that a new policy will help ensure that 80 percent of workers in the region keep their current jobs over the next year. Lawmakers are debating whether to adopt the policy.
SUBJ_047,371,vaccine_side_effects,health,loss,3,2,stimuli/vaccine_side_effects_loss.txt,A public health clinic explains that a vaccine has been shown to cause mild side effects in 5 percent of recipients. A person is deciding whether to schedule the vaccination appointment.
SUBJ_047,372,exam_score,education,loss,4,2,stimuli/exam_score_loss.txt,A student receives exam results showing they answered 40 percent of the questions incorrectly. The student reviews the score to decide how to prepare for the next exam.
SUBJ_047,373,asian_disease,health,gain,5,3,stimuli/asian_disease_gain.txt,"Imagine that the United States is preparing for the outbreak of an unusual Asian disease, which is expected to kill 600 people. Two alternative programs to combat the disease have been proposed. Program A will save 200 people for certain. Program B has a one-third probability that all 600 people will be saved, and a two-thirds probability that no one will be saved. Which program would you favor?"
SUBJ_047,374,beef_content,consumer,loss,6,3,stimuli/beef_content_loss.txt,A grocery label describes ground beef as 25 percent fat. Shoppers are deciding whether the product seems healthy enough to buy for dinner tonight.
SUBJ_047,375,lives_surgery,health,gain,7,4,stimuli/lives_surgery_gain.txt,"A patient is considering a surgical procedure. The surgeon explains that the operation has a 90 percent success rate, meaning nine out of ten patients recover fully after the surgery. The patient must decide whether to proceed with the operation."
SUBJ_047,376,money_wallet,financial,loss,8,4,stimuli/money_wallet_loss.txt,"You have been given $30 in cash. You must choose between two options. Option A means you will lose $10 for sure, leaving you with $20. Option B is a gamble with a fifty-fifty chance to lose nothing and keep $30, or lose $20 and keep only $10. Which option do you choose?"
SUBJ_048,377,vaccine_side_effects,health,gain,1,1,stimuli/vaccine_side_effects_gain.txt,A public health clinic explains that a vaccine has been shown to have no serious side effects in 95 percent of recipients. A person is deciding whether to schedule the vaccination appointment.
SUBJ_048,378,lives_surgery,health,loss,2,1,stimuli/lives_surgery_loss.txt,"A patient is considering a surgical procedure. The surgeon explains that the operation has a 10 percent failure rate, meaning one out of ten patients do not survive the surgery. The patient must decide whether to proceed with the operation."
SUBJ_048,379,money_wallet,financial,gain,3,2,stimuli/money_wallet_gain.txt,You have been given $30 in cash. You must choose between two options. Option A lets you keep $20 for sure. Option B is a gamble with a fifty-fifty chance to keep all $30 or keep only $10. Which option do you choose?
SUBJ_048,380,exam_score,education,gain,4,2,stimuli/exam_score_gain.txt,A student receives exam results showing they answered 60 percent of the questions correctly. The student reviews the score to decide how to prepare for the next exam.
SUBJ_048,381,asian_disease,health,gain,5,3,stimuli/asian_disease_gain.txt,"Imagine that the United States is preparing for the outbreak of an unusual Asian disease, which is expected to kill 600 people. Two alternative programs to combat the disease have been proposed. Program A will save 200 people for certain. Program B has a one-third probability that all 600 people will be saved, and a two-thirds probability that no one will be saved. Which program would you favor?"
SUBJ_048,382,beef_content,consumer,gain,6,3,stimuli/beef_content_gain.txt,A grocery label describes ground beef as 75 percent lean meat. Shoppers are deciding whether the product seems healthy enough to buy for dinner tonight.
SUBJ_048,383,credit_card_fee,financial,gain,7,4,stimuli/credit_card_fee_gain.txt,A store advertises that customers who pay with cash will receive a $1 discount compared to the standard price charged to credit card users. You are deciding whether to pay with cash or card for an item priced at $20 by card.
SUBJ_048,384,employment_rate,economic,loss,8,4,stimuli/employment_rate_loss.txt,An economic report states that a new policy still means 20 percent of workers in the region will lose their current jobs over the next year. Lawmakers are debating whether to adopt the policy.
SUBJ_049,385,exam_score,education,gain,1,1,stimuli/exam_score_gain.txt,A student receives exam results showing they answered 60 percent of the questions correctly. The student reviews the score to decide how to prepare for the next exam.
SUBJ_049,386,money_wallet,financial,loss,2,1,stimuli/money_wallet_loss.txt,"You have been given $30 in cash. You must choose between two options. Option A means you will lose $10 for sure, leaving you with $20. Option B is a gamble with a fifty-fifty chance to lose nothing and keep $30, or lose $20 and keep only $10. Which option do you choose?"
SUBJ_049,387,employment_rate,economic,loss,3,2,stimuli/employment_rate_loss.txt,An economic report states that a new policy still means 20 percent of workers in the region will lose their current jobs over the next year. Lawmakers are debating whether to adopt the policy.
SUBJ_049,388,credit_card_fee,financial,gain,4,2,stimuli/credit_card_fee_gain.txt,A store advertises that customers who pay with cash will receive a $1 discount compared to the standard price charged to credit card users. You are deciding whether to pay with cash or card for an item priced at $20 by card.
SUBJ_049,389,vaccine_side_effects,health,gain,5,3,stimuli/vaccine_side_effects_gain.txt,A public health clinic explains that a vaccine has been shown to have no serious side effects in 95 percent of recipients. A person is deciding whether to schedule the vaccination appointment.
SUBJ_049,390,lives_surgery,health,gain,6,3,stimuli/lives_surgery_gain.txt,"A patient is considering a surgical procedure. The surgeon explains that the operation has a 90 percent success rate, meaning nine out of ten patients recover fully after the surgery. The patient must decide whether to proceed with the operation."
SUBJ_049,391,asian_disease,health,gain,7,4,stimuli/asian_disease_gain.txt,"Imagine that the United States is preparing for the outbreak of an unusual Asian disease, which is expected to kill 600 people. Two alternative programs to combat the disease have been proposed. Program A will save 200 people for certain. Program B has a one-third probability that all 600 people will be saved, and a two-thirds probability that no one will be saved. Which program would you favor?"
SUBJ_049,392,beef_content,consumer,gain,8,4,stimuli/beef_content_gain.txt,A grocery label describes ground beef as 75 percent lean meat. Shoppers are deciding whether the product seems healthy enough to buy for dinner tonight.
SUBJ_050,393,credit_card_fee,financial,gain,1,1,stimuli/credit_card_fee_gain.txt,A store advertises that customers who pay with cash will receive a $1 discount compared to the standard price charged to credit card users. You are deciding whether to pay with cash or card for an item priced at $20 by card.
SUBJ_050,394,employment_rate,economic,loss,2,1,stimuli/employment_rate_loss.txt,An economic report states that a new policy still means 20 percent of workers in the region will lose their current jobs over the next year. Lawmakers are debating whether to adopt the policy.
SUBJ_050,395,exam_score,education,loss,3,2,stimuli/exam_score_loss.txt,A student receives exam results showing they answered 40 percent of the questions incorrectly. The student reviews the score to decide how to prepare for the next exam.
SUBJ_050,396,asian_disease,health,loss,4,2,stimuli/asian_disease_loss.txt,"Imagine that the United States is preparing for the outbreak of an unusual Asian disease, which is expected to kill 600 people. Two alternative programs to combat the disease have been proposed. Program C will result in 400 people dying for certain. Program D has a one-third probability that nobody will die, and a two-thirds probability that all 600 people will die. Which program would you favor?"
SUBJ_050,397,beef_content,consumer,gain,5,3,stimuli/beef_content_gain.txt,A grocery label describes ground beef as 75 percent lean meat. Shoppers are deciding whether the product seems healthy enough to buy for dinner tonight.
SUBJ_050,398,lives_surgery,health,loss,6,3,stimuli/lives_surgery_loss.txt,"A patient is considering a surgical procedure. The surgeon explains that the operation has a 10 percent failure rate, meaning one out of ten patients do not survive the surgery. The patient must decide whether to proceed with the operation."
SUBJ_050,399,money_wallet,financial,gain,7,4,stimuli/money_wallet_gain.txt,You have been given $30 in cash. You must choose between two options. Option A lets you keep $20 for sure. Option B is a gamble with a fifty-fifty chance to keep all $30 or keep only $10. Which option do you choose?
SUBJ_050,400,vaccine_side_effects,health,loss,8,4,stimuli/vaccine_side_effects_loss.txt,A public health clinic explains that a vaccine has been shown to cause mild side effects in 5 percent of recipients. A person is deciding whether to schedule the vaccination appointment.
SUBJ_051,401,credit_card_fee,financial,gain,1,1,stimuli/credit_card_fee_gain.txt,A store advertises that customers who pay with cash will receive a $1 discount compared to the standard price charged to credit card users. You are deciding whether to pay with cash or card for an item priced at $20 by card.
SUBJ_051,402,vaccine_side_effects,health,loss,2,1,stimuli/vaccine_side_effects_loss.txt,A public health clinic explains that a vaccine has been shown to cause mild side effects in 5 percent of recipients. A person is deciding whether to schedule the vaccination appointment.
SUBJ_051,403,money_wallet,financial,loss,3,2,stimuli/money_wallet_loss.txt,"You have been given $30 in cash. You must choose between two options. Option A means you will lose $10 for sure, leaving you with $20. Option B is a gamble with a fifty-fifty chance to lose nothing and keep $30, or lose $20 and keep only $10. Which option do you choose?"
SUBJ_051,404,lives_surgery,health,gain,4,2,stimuli/lives_surgery_gain.txt,"A patient is considering a surgical procedure. The surgeon explains that the operation has a 90 percent success rate, meaning nine out of ten patients recover fully after the surgery. The patient must decide whether to proceed with the operation."
SUBJ_051,405,exam_score,education,gain,5,3,stimuli/exam_score_gain.txt,A student receives exam results showing they answered 60 percent of the questions correctly. The student reviews the score to decide how to prepare for the next exam.
SUBJ_051,406,employment_rate,economic,loss,6,3,stimuli/employment_rate_loss.txt,An economic report states that a new policy still means 20 percent of workers in the region will lose their current jobs over the next year. Lawmakers are debating whether to adopt the policy.
SUBJ_051,407,beef_content,consumer,gain,7,4,stimuli/beef_content_gain.txt,A grocery label describes ground beef as 75 percent lean meat. Shoppers are deciding whether the product seems healthy enough to buy for dinner tonight.
SUBJ_051,408,asian_disease,health,gain,8,4,stimuli/asian_disease_gain.txt,"Imagine that the United States is preparing for the outbreak of an unusual Asian disease, which is expected to kill 600 people. Two alternative programs to combat the disease have been proposed. Program A will save 200 people for certain. Program B has a one-third probability that all 600 people will be saved, and a two-thirds probability that no one will be saved. Which program would you favor?"
SUBJ_052,409,money_wallet,financial,gain,1,1,stimuli/money_wallet_gain.txt,You have been given $30 in cash. You must choose between two options. Option A lets you keep $20 for sure. Option B is a gamble with a fifty-fifty chance to keep all $30 or keep only $10. Which option do you choose?
SUBJ_052,410,exam_score,education,gain,2,1,stimuli/exam_score_gain.txt,A student receives exam results showing they answered 60 percent of the questions correctly. The student reviews the score to decide how to prepare for the next exam.
SUBJ_052,411,credit_card_fee,financial,gain,3,2,stimuli/credit_card_fee_gain.txt,A store advertises that customers who pay with cash will receive a $1 discount compared to the standard price charged to credit card users. You are deciding whether to pay with cash or card for an item priced at $20 by card.
SUBJ_052,412,beef_content,consumer,gain,4,2,stimuli/beef_content_gain.txt,A grocery label describes ground beef as 75 percent lean meat. Shoppers are deciding whether the product seems healthy enough to buy for dinner tonight.
SUBJ_052,413,employment_rate,economic,loss,5,3,stimuli/employment_rate_loss.txt,An economic report states that a new policy still means 20 percent of workers in the region will lose their current jobs over the next year. Lawmakers are debating whether to adopt the policy.
SUBJ_052,414,lives_surgery,health,loss,6,3,stimuli/lives_surgery_loss.txt,"A patient is considering a surgical procedure. The surgeon explains that the operation has a 10 percent failure rate, meaning one out of ten patients do not survive the surgery. The patient must decide whether to proceed with the operation."
SUBJ_052,415,vaccine_side_effects,health,gain,7,4,stimuli/vaccine_side_effects_gain.txt,A public health clinic explains that a vaccine has been shown to have no serious side effects in 95 percent of recipients. A person is deciding whether to schedule the vaccination appointment.
SUBJ_052,416,asian_disease,health,loss,8,4,stimuli/asian_disease_loss.txt,"Imagine that the United States is preparing for the outbreak of an unusual Asian disease, which is expected to kill 600 people. Two alternative programs to combat the disease have been proposed. Program C will result in 400 people dying for certain. Program D has a one-third probability that nobody will die, and a two-thirds probability that all 600 people will die. Which program would you favor?"
SUBJ_053,417,exam_score,education,loss,1,1,stimuli/exam_score_loss.txt,A student receives exam results showing they answered 40 percent of the questions incorrectly. The student reviews the score to decide how to prepare for the next exam.
SUBJ_053,418,asian_disease,health,loss,2,1,stimuli/asian_disease_loss.txt,"Imagine that the United States is preparing for the outbreak of an unusual Asian disease, which is expected to kill 600 people. Two alternative programs to combat the disease have been proposed. Program C will result in 400 people dying for certain. Program D has a one-third probability that nobody will die, and a two-thirds probability that all 600 people will die. Which program would you favor?"
SUBJ_053,419,vaccine_side_effects,health,gain,3,2,stimuli/vaccine_side_effects_gain.txt,A public health clinic explains that a vaccine has been shown to have no serious side effects in 95 percent of recipients. A person is deciding whether to schedule the vaccination appointment.
SUBJ_053,420,employment_rate,economic,loss,4,2,stimuli/employment_rate_loss.txt,An economic report states that a new policy still means 20 percent of workers in the region will lose their current jobs over the next year. Lawmakers are debating whether to adopt the policy.
SUBJ_053,421,lives_surgery,health,loss,5,3,stimuli/lives_surgery_loss.txt,"A patient is considering a surgical procedure. The surgeon explains that the operation has a 10 percent failure rate, meaning one out of ten patients do not survive the surgery. The patient must decide whether to proceed with the operation."
SUBJ_053,422,beef_content,consumer,loss,6,3,stimuli/beef_content_loss.txt,A grocery label describes ground beef as 25 percent fat. Shoppers are deciding whether the product seems healthy enough to buy for dinner tonight.
SUBJ_053,423,credit_card_fee,financial,gain,7,4,stimuli/credit_card_fee_gain.txt,A store advertises that customers who pay with cash will receive a $1 discount compared to the standard price charged to credit card users. You are deciding whether to pay with cash or card for an item priced at $20 by card.
SUBJ_053,424,money_wallet,financial,gain,8,4,stimuli/money_wallet_gain.txt,You have been given $30 in cash. You must choose between two options. Option A lets you keep $20 for sure. Option B is a gamble with a fifty-fifty chance to keep all $30 or keep only $10. Which option do you choose?
SUBJ_054,425,asian_disease,health,loss,1,1,stimuli/asian_disease_loss.txt,"Imagine that the United States is preparing for the outbreak of an unusual Asian disease, which is expected to kill 600 people. Two alternative programs to combat the disease have been proposed. Program C will result in 400 people dying for certain. Program D has a one-third probability that nobody will die, and a two-thirds probability that all 600 people will die. Which program would you favor?"
SUBJ_054,426,lives_surgery,health,gain,2,1,stimuli/lives_surgery_gain.txt,"A patient is considering a surgical procedure. The surgeon explains that the operation has a 90 percent success rate, meaning nine out of ten patients recover fully after the surgery. The patient must decide whether to proceed with the operation."
SUBJ_054,427,credit_card_fee,financial,loss,3,2,stimuli/credit_card_fee_loss.txt,A store advertises that customers who pay with a credit card will be charged a $1 surcharge compared to the lower cash price. You are deciding whether to pay with cash or card for an item priced at $19 by cash.
SUBJ_054,428,employment_rate,economic,gain,4,2,stimuli/employment_rate_gain.txt,An economic report states that a new policy will help ensure that 80 percent of workers in the region keep their current jobs over the next year. Lawmakers are debating whether to adopt the policy.
SUBJ_054,429,money_wallet,financial,loss,5,3,stimuli/money_wallet_loss.txt,"You have been given $30 in cash. You must choose between two options. Option A means you will lose $10 for sure, leaving you with $20. Option B is a gamble with a fifty-fifty chance to lose nothing and keep $30, or lose $20 and keep only $10. Which option do you choose?"
SUBJ_054,430,beef_content,consumer,loss,6,3,stimuli/beef_content_loss.txt,A grocery label describes ground beef as 25 percent fat. Shoppers are deciding whether the product seems healthy enough to buy for dinner tonight.
SUBJ_054,431,vaccine_side_effects,health,gain,7,4,stimuli/vaccine_side_effects_gain.txt,A public health clinic explains that a vaccine has been shown to have no serious side effects in 95 percent of recipients. A person is deciding whether to schedule the vaccination appointment.
SUBJ_054,432,exam_score,education,loss,8,4,stimuli/exam_score_loss.txt,A student receives exam results showing they answered 40 percent of the questions incorrectly. The student reviews the score to decide how to prepare for the next exam.
SUBJ_055,433,exam_score,education,gain,1,1,stimuli/exam_score_gain.txt,A student receives exam results showing they answered 60 percent of the questions correctly. The student reviews the score to decide how to prepare for the next exam.
SUBJ_055,434,credit_card_fee,financial,gain,2,1,stimuli/credit_card_fee_gain.txt,A store advertises that customers who pay with cash will receive a $1 discount compared to the standard price charged to credit card users. You are deciding whether to pay with cash or card for an item priced at $20 by card.
SUBJ_055,435,employment_rate,economic,loss,3,2,stimuli/employment_rate_loss.txt,An economic report states that a new policy still means 20 percent of workers in the region will lose their current jobs over the next year. Lawmakers are debating whether to adopt the policy.
SUBJ_055,436,money_wallet,financial,loss,4,2,stimuli/money_wallet_loss.txt,"You have been given $30 in cash. You must choose between two options. Option A means you will lose $10 for sure, leaving you with $20. Option B is a gamble with a fifty-fifty chance to lose nothing and keep $30, or lose $20 and keep only $10. Which option do you choose?"
SUBJ_055,437,vaccine_side_effects,health,gain,5,3,stimuli/vaccine_side_effects_gain.txt,A public health clinic explains that a vaccine has been shown to have no serious side effects in 95 percent of recipients. A person is deciding whether to schedule the vaccination appointment.
SUBJ_055,438,beef_content,consumer,gain,6,3,stimuli/beef_content_gain.txt,A grocery label describes ground beef as 75 percent lean meat. Shoppers are deciding whether the product seems healthy enough to buy for dinner tonight.
SUBJ_055,439,lives_surgery,health,loss,7,4,stimuli/lives_surgery_loss.txt,"A patient is considering a surgical procedure. The surgeon explains that the operation has a 10 percent failure rate, meaning one out of ten patients do not survive the surgery. The patient must decide whether to proceed with the operation."
SUBJ_055,440,asian_disease,health,loss,8,4,stimuli/asian_disease_loss.txt,"Imagine that the United States is preparing for the outbreak of an unusual Asian disease, which is expected to kill 600 people. Two alternative programs to combat the disease have been proposed. Program C will result in 400 people dying for certain. Program D has a one-third probability that nobody will die, and a two-thirds probability that all 600 people will die. Which program would you favor?"
SUBJ_056,441,employment_rate,economic,gain,1,1,stimuli/employment_rate_gain.txt,An economic report states that a new policy will help ensure that 80 percent of workers in the region keep their current jobs over the next year. Lawmakers are debating whether to adopt the policy.
SUBJ_056,442,lives_surgery,health,loss,2,1,stimuli/lives_surgery_loss.txt,"A patient is considering a surgical procedure. The surgeon explains that the operation has a 10 percent failure rate, meaning one out of ten patients do not survive the surgery. The patient must decide whether to proceed with the operation."
SUBJ_056,443,asian_disease,health,gain,3,2,stimuli/asian_disease_gain.txt,"Imagine that the United States is preparing for the outbreak of an unusual Asian disease, which is expected to kill 600 people. Two alternative programs to combat the disease have been proposed. Program A will save 200 people for certain. Program B has a one-third probability that all 600 people will be saved, and a two-thirds probability that no one will be saved. Which program would you favor?"
SUBJ_056,444,vaccine_side_effects,health,gain,4,2,stimuli/vaccine_side_effects_gain.txt,A public health clinic explains that a vaccine has been shown to have no serious side effects in 95 percent of recipients. A person is deciding whether to schedule the vaccination appointment.
SUBJ_056,445,beef_content,consumer,loss,5,3,stimuli/beef_content_loss.txt,A grocery label describes ground beef as 25 percent fat. Shoppers are deciding whether the product seems healthy enough to buy for dinner tonight.
SUBJ_056,446,money_wallet,financial,gain,6,3,stimuli/money_wallet_gain.txt,You have been given $30 in cash. You must choose between two options. Option A lets you keep $20 for sure. Option B is a gamble with a fifty-fifty chance to keep all $30 or keep only $10. Which option do you choose?
SUBJ_056,447,credit_card_fee,financial,gain,7,4,stimuli/credit_card_fee_gain.txt,A store advertises that customers who pay with cash will receive a $1 discount compared to the standard price charged to credit card users. You are deciding whether to pay with cash or card for an item priced at $20 by card.
SUBJ_056,448,exam_score,education,gain,8,4,stimuli/exam_score_gain.txt,A student receives exam results showing they answered 60 percent of the questions correctly. The student reviews the score to decide how to prepare for the next exam.
SUBJ_057,449,vaccine_side_effects,health,gain,1,1,stimuli/vaccine_side_effects_gain.txt,A public health clinic explains that a vaccine has been shown to have no serious side effects in 95 percent of recipients. A person is deciding whether to schedule the vaccination appointment.
SUBJ_057,450,beef_content,consumer,loss,2,1,stimuli/beef_content_loss.txt,A grocery label describes ground beef as 25 percent fat. Shoppers are deciding whether the product seems healthy enough to buy for dinner tonight.
SUBJ_057,451,money_wallet,financial,gain,3,2,stimuli/money_wallet_gain.txt,You have been given $30 in cash. You must choose between two options. Option A lets you keep $20 for sure. Option B is a gamble with a fifty-fifty chance to keep all $30 or keep only $10. Which option do you choose?
SUBJ_057,452,lives_surgery,health,loss,4,2,stimuli/lives_surgery_loss.txt,"A patient is considering a surgical procedure. The surgeon explains that the operation has a 10 percent failure rate, meaning one out of ten patients do not survive the surgery. The patient must decide whether to proceed with the operation."
SUBJ_057,453,credit_card_fee,financial,loss,5,3,stimuli/credit_card_fee_loss.txt,A store advertises that customers who pay with a credit card will be charged a $1 surcharge compared to the lower cash price. You are deciding whether to pay with cash or card for an item priced at $19 by cash.
SUBJ_057,454,employment_rate,economic,gain,6,3,stimuli/employment_rate_gain.txt,An economic report states that a new policy will help ensure that 80 percent of workers in the region keep their current jobs over the next year. Lawmakers are debating whether to adopt the policy.
SUBJ_057,455,asian_disease,health,gain,7,4,stimuli/asian_disease_gain.txt,"Imagine that the United States is preparing for the outbreak of an unusual Asian disease, which is expected to kill 600 people. Two alternative programs to combat the disease have been proposed. Program A will save 200 people for certain. Program B has a one-third probability that all 600 people will be saved, and a two-thirds probability that no one will be saved. Which program would you favor?"
SUBJ_057,456,exam_score,education,gain,8,4,stimuli/exam_score_gain.txt,A student receives exam results showing they answered 60 percent of the questions correctly. The student reviews the score to decide how to prepare for the next exam.
SUBJ_058,457,asian_disease,health,loss,1,1,stimuli/asian_disease_loss.txt,"Imagine that the United States is preparing for the outbreak of an unusual Asian disease, which is expected to kill 600 people. Two alternative programs to combat the disease have been proposed. Program C will result in 400 people dying for certain. Program D has a one-third probability that nobody will die, and a two-thirds probability that all 600 people will die. Which program would you favor?"
SUBJ_058,458,credit_card_fee,financial,loss,2,1,stimuli/credit_card_fee_loss.txt,A store advertises that customers who pay with a credit card will be charged a $1 surcharge compared to the lower cash price. You are deciding whether to pay with cash or card for an item priced at $19 by cash.
SUBJ_058,459,beef_content,consumer,loss,3,2,stimuli/beef_content_loss.txt,A grocery label describes ground beef as 25 percent fat. Shoppers are deciding whether the product seems healthy enough to buy for dinner tonight.
SUBJ_058,460,lives_surgery,health,gain,4,2,stimuli/lives_surgery_gain.txt,"A patient is considering a surgical procedure. The surgeon explains that the operation has a 90 percent success rate, meaning nine out of ten patients recover fully after the surgery. The patient must decide whether to proceed with the operation."
SUBJ_058,461,employment_rate,economic,gain,5,3,stimuli/employment_rate_gain.txt,An economic report states that a new policy will help ensure that 80 percent of workers in the region keep their current jobs over the next year. Lawmakers are debating whether to adopt the policy.
SUBJ_058,462,money_wallet,financial,loss,6,3,stimuli/money_wallet_loss.txt,"You have been given $30 in cash. You must choose between two options. Option A means you will lose $10 for sure, leaving you with $20. Option B is a gamble with a fifty-fifty chance to lose nothing and keep $30, or lose $20 and keep only $10. Which option do you choose?"
SUBJ_058,463,vaccine_side_effects,health,gain,7,4,stimuli/vaccine_side_effects_gain.txt,A public health clinic explains that a vaccine has been shown to have no serious side effects in 95 percent of recipients. A person is deciding whether to schedule the vaccination appointment.
SUBJ_058,464,exam_score,education,gain,8,4,stimuli/exam_score_gain.txt,A student receives exam results showing they answered 60 percent of the questions correctly. The student reviews the score to decide how to prepare for the next exam.
SUBJ_059,465,lives_surgery,health,loss,1,1,stimuli/lives_surgery_loss.txt,"A patient is considering a surgical procedure. The surgeon explains that the operation has a 10 percent failure rate, meaning one out of ten patients do not survive the surgery. The patient must decide whether to proceed with the operation."
SUBJ_059,466,employment_rate,economic,gain,2,1,stimuli/employment_rate_gain.txt,An economic report states that a new policy will help ensure that 80 percent of workers in the region keep their current jobs over the next year. Lawmakers are debating whether to adopt the policy.
SUBJ_059,467,money_wallet,financial,loss,3,2,stimuli/money_wallet_loss.txt,"You have been given $30 in cash. You must choose between two options. Option A means you will lose $10 for sure, leaving you with $20. Option B is a gamble with a fifty-fifty chance to lose nothing and keep $30, or lose $20 and keep only $10. Which option do you choose?"
SUBJ_059,468,asian_disease,health,gain,4,2,stimuli/asian_disease_gain.txt,"Imagine that the United States is preparing for the outbreak of an unusual Asian disease, which is expected to kill 600 people. Two alternative programs to combat the disease have been proposed. Program A will save 200 people for certain. Program B has a one-third probability that all 600 people will be saved, and a two-thirds probability that no one will be saved. Which program would you favor?"
SUBJ_059,469,vaccine_side_effects,health,gain,5,3,stimuli/vaccine_side_effects_gain.txt,A public health clinic explains that a vaccine has been shown to have no serious side effects in 95 percent of recipients. A person is deciding whether to schedule the vaccination appointment.
SUBJ_059,470,exam_score,education,loss,6,3,stimuli/exam_score_loss.txt,A student receives exam results showing they answered 40 percent of the questions incorrectly. The student reviews the score to decide how to prepare for the next exam.
SUBJ_059,471,credit_card_fee,financial,gain,7,4,stimuli/credit_card_fee_gain.txt,A store advertises that customers who pay with cash will receive a $1 discount compared to the standard price charged to credit card users. You are deciding whether to pay with cash or card for an item priced at $20 by card.
SUBJ_059,472,beef_content,consumer,gain,8,4,stimuli/beef_content_gain.txt,A grocery label describes ground beef as 75 percent lean meat. Shoppers are deciding whether the product seems healthy enough to buy for dinner tonight.
SUBJ_060,473,beef_content,consumer,loss,1,1,stimuli/beef_content_loss.txt,A grocery label describes ground beef as 25 percent fat. Shoppers are deciding whether the product seems healthy enough to buy for dinner tonight.
SUBJ_060,474,vaccine_side_effects,health,loss,2,1,stimuli/vaccine_side_effects_loss.txt,A public health clinic explains that a vaccine has been shown to cause mild side effects in 5 percent of recipients. A person is deciding whether to schedule the vaccination appointment.
SUBJ_060,475,lives_surgery,health,loss,3,2,stimuli/lives_surgery_loss.txt,"A patient is considering a surgical procedure. The surgeon explains that the operation has a 10 percent failure rate, meaning one out of ten patients do not survive the surgery. The patient must decide whether to proceed with the operation."
SUBJ_060,476,money_wallet,financial,gain,4,2,stimuli/money_wallet_gain.txt,You have been given $30 in cash. You must choose between two options. Option A lets you keep $20 for sure. Option B is a gamble with a fifty-fifty chance to keep all $30 or keep only $10. Which option do you choose?
SUBJ_060,477,asian_disease,health,gain,5,3,stimuli/asian_disease_gain.txt,"Imagine that the United States is preparing for the outbreak of an unusual Asian disease, which is expected to kill 600 people. Two alternative programs to combat the disease have been proposed. Program A will save 200 people for certain. Program B has a one-third probability that all 600 people will be saved, and a two-thirds probability that no one will be saved. Which program would you favor?"
SUBJ_060,478,employment_rate,economic,gain,6,3,stimuli/employment_rate_gain.txt,An economic report states that a new policy will help ensure that 80 percent of workers in the region keep their current jobs over the next year. Lawmakers are debating whether to adopt the policy.
SUBJ_060,479,credit_card_fee,financial,loss,7,4,stimuli/credit_card_fee_loss.txt,A store advertises that customers who pay with a credit card will be charged a $1 surcharge compared to the lower cash price. You are deciding whether to pay with cash or card for an item priced at $19 by cash.
SUBJ_060,480,exam_score,education,gain,8,4,stimuli/exam_score_gain.txt,A student receives exam results showing they answered 60 percent of the questions correctly. The student reviews the score to decide how to prepare for the next exam.
